user_id,game,action,freq
11373749,Sid Meier's Civilization IV,purchase,1.0
11373749,Sid Meier's Civilization IV,play,0.1
11373749,Sid Meier's Civilization IV,purchase,1.0
11373749,Sid Meier's Civilization IV Beyond the Sword,purchase,1.0
11373749,Sid Meier's Civilization IV Beyond the Sword,purchase,1.0
11373749,Sid Meier's Civilization IV Warlords,purchase,1.0
11373749,Sid Meier's Civilization IV Warlords,purchase,1.0
56038151,Tom Clancy's H.A.W.X. 2,purchase,1.0
56038151,Tom Clancy's H.A.W.X. 2,play,0.2
56038151,Grand Theft Auto San Andreas,purchase,1.0
56038151,Grand Theft Auto San Andreas,purchase,1.0
56038151,Grand Theft Auto Vice City,purchase,1.0
56038151,Grand Theft Auto Vice City,purchase,1.0
56038151,Grand Theft Auto III,purchase,1.0
56038151,Grand Theft Auto III,purchase,1.0
57103808,Arma 2,purchase,1.0
57103808,Arma 2,play,3.3
57103808,Sid Meier's Civilization IV,purchase,1.0
57103808,Sid Meier's Civilization IV,play,2.0
57103808,Sid Meier's Civilization IV,purchase,1.0
148510973,Grand Theft Auto San Andreas,purchase,1.0
148510973,Grand Theft Auto San Andreas,play,0.9
148510973,Grand Theft Auto Vice City,purchase,1.0
148510973,Grand Theft Auto III,purchase,1.0
148510973,Grand Theft Auto III,purchase,1.0
148510973,Grand Theft Auto San Andreas,purchase,1.0
148510973,Grand Theft Auto Vice City,purchase,1.0
9823354,Sid Meier's Civilization IV Beyond the Sword,purchase,1.0
9823354,Sid Meier's Civilization IV Beyond the Sword,play,21.0
9823354,Sid Meier's Civilization IV,purchase,1.0
9823354,Sid Meier's Civilization IV,play,21.0
9823354,Sid Meier's Civilization IV,purchase,1.0
9823354,Sid Meier's Civilization IV Beyond the Sword,purchase,1.0
9823354,Sid Meier's Civilization IV Warlords,purchase,1.0
9823354,Sid Meier's Civilization IV Warlords,purchase,1.0
168031436,Grand Theft Auto San Andreas,purchase,1.0
168031436,Grand Theft Auto San Andreas,play,0.5
168031436,Grand Theft Auto San Andreas,purchase,1.0
71082079,Sid Meier's Civilization IV,purchase,1.0
71082079,Sid Meier's Civilization IV,play,51.0
71082079,Sid Meier's Civilization IV,purchase,1.0
86338111,Grand Theft Auto San Andreas,purchase,1.0
86338111,Grand Theft Auto San Andreas,play,14.6
86338111,Arma 2,purchase,1.0
86338111,Arma 2,play,0.9
86338111,Grand Theft Auto San Andreas,purchase,1.0
20200395,Grand Theft Auto III,purchase,1.0
20200395,Grand Theft Auto III,play,1.0
20200395,Grand Theft Auto Vice City,purchase,1.0
20200395,Grand Theft Auto Vice City,play,0.8
20200395,Grand Theft Auto San Andreas,purchase,1.0
20200395,Grand Theft Auto San Andreas,play,0.3
20200395,TERA,purchase,1.0
20200395,Grand Theft Auto San Andreas,purchase,1.0
20200395,Grand Theft Auto Vice City,purchase,1.0
20200395,Grand Theft Auto III,purchase,1.0
61676491,Arma 2,purchase,1.0
61676491,Arma 2,play,0.3
61676491,Grand Theft Auto San Andreas,purchase,1.0
61676491,Grand Theft Auto San Andreas,purchase,1.0
157469247,Grand Theft Auto San Andreas,purchase,1.0
157469247,Grand Theft Auto San Andreas,play,22.0
157469247,Grand Theft Auto San Andreas,purchase,1.0
142001340,Grand Theft Auto San Andreas,purchase,1.0
142001340,Grand Theft Auto San Andreas,purchase,1.0
87071236,Grand Theft Auto San Andreas,purchase,1.0
87071236,Grand Theft Auto San Andreas,purchase,1.0
64787956,Grand Theft Auto Vice City,purchase,1.0
64787956,Grand Theft Auto Vice City,play,1.6
64787956,Grand Theft Auto III,purchase,1.0
64787956,Grand Theft Auto III,play,0.9
64787956,Grand Theft Auto San Andreas,purchase,1.0
64787956,Grand Theft Auto San Andreas,purchase,1.0
64787956,Grand Theft Auto Vice City,purchase,1.0
64787956,Grand Theft Auto III,purchase,1.0
64787956,Sid Meier's Civilization IV,purchase,1.0
64787956,Sid Meier's Civilization IV,purchase,1.0
64787956,Sid Meier's Civilization IV Beyond the Sword,purchase,1.0
64787956,Sid Meier's Civilization IV Beyond the Sword,purchase,1.0
64787956,Sid Meier's Civilization IV Colonization,purchase,1.0
64787956,Sid Meier's Civilization IV Colonization,purchase,1.0
64787956,Sid Meier's Civilization IV Warlords,purchase,1.0
64787956,Sid Meier's Civilization IV Warlords,purchase,1.0
68316900,Grand Theft Auto San Andreas,purchase,1.0
68316900,Grand Theft Auto San Andreas,play,45.0
68316900,Grand Theft Auto Vice City,purchase,1.0
68316900,Grand Theft Auto Vice City,play,22.0
68316900,Grand Theft Auto III,purchase,1.0
68316900,Grand Theft Auto III,play,13.3
68316900,Grand Theft Auto San Andreas,purchase,1.0
68316900,Grand Theft Auto Vice City,purchase,1.0
68316900,Grand Theft Auto III,purchase,1.0
150882304,Sid Meier's Civilization IV Beyond the Sword,purchase,1.0
150882304,Sid Meier's Civilization IV Beyond the Sword,play,211.0
150882304,Sid Meier's Civilization IV,purchase,1.0
150882304,Sid Meier's Civilization IV,purchase,1.0
150882304,Sid Meier's Civilization IV Beyond the Sword,purchase,1.0
150882304,Sid Meier's Civilization IV Colonization,purchase,1.0
150882304,Sid Meier's Civilization IV Colonization,purchase,1.0
150882304,Sid Meier's Civilization IV Warlords,purchase,1.0
150882304,Sid Meier's Civilization IV Warlords,purchase,1.0
12610800,Sid Meier's Civilization IV Beyond the Sword,purchase,1.0
12610800,Sid Meier's Civilization IV Beyond the Sword,play,9.9
12610800,Sid Meier's Civilization IV Colonization,purchase,1.0
12610800,Sid Meier's Civilization IV Colonization,play,0.3
12610800,Arma 2,purchase,1.0
12610800,Sid Meier's Civilization IV,purchase,1.0
12610800,Sid Meier's Civilization IV,purchase,1.0
12610800,Sid Meier's Civilization IV Beyond the Sword,purchase,1.0
12610800,Sid Meier's Civilization IV Colonization,purchase,1.0
12610800,Sid Meier's Civilization IV Warlords,purchase,1.0
12610800,Sid Meier's Civilization IV Warlords,purchase,1.0
75277726,Grand Theft Auto San Andreas,purchase,1.0
75277726,Grand Theft Auto San Andreas,play,50.0
75277726,Grand Theft Auto San Andreas,purchase,1.0
118664413,Grand Theft Auto San Andreas,purchase,1.0
118664413,Grand Theft Auto San Andreas,play,1.9
118664413,Grand Theft Auto San Andreas,purchase,1.0
118664413,Grand Theft Auto San Andreas,play,0.2
115806772,Grand Theft Auto San Andreas,purchase,1.0
115806772,Grand Theft Auto San Andreas,play,0.2
115806772,Grand Theft Auto San Andreas,purchase,1.0
147859903,Sid Meier's Civilization IV,purchase,1.0
147859903,Sid Meier's Civilization IV,purchase,1.0
147859903,Sid Meier's Civilization IV Beyond the Sword,purchase,1.0
147859903,Sid Meier's Civilization IV Beyond the Sword,purchase,1.0
147859903,Sid Meier's Civilization IV Colonization,purchase,1.0
147859903,Sid Meier's Civilization IV Colonization,purchase,1.0
147859903,Sid Meier's Civilization IV Warlords,purchase,1.0
147859903,Sid Meier's Civilization IV Warlords,purchase,1.0
241230534,Grand Theft Auto San Andreas,purchase,1.0
241230534,Grand Theft Auto San Andreas,play,6.4
241230534,Grand Theft Auto San Andreas,purchase,1.0
115037563,Arma 2,purchase,1.0
115037563,Arma 2,play,0.5
115037563,Grand Theft Auto San Andreas,purchase,1.0
115037563,Grand Theft Auto San Andreas,purchase,1.0
115037563,Grand Theft Auto Vice City,purchase,1.0
115037563,Grand Theft Auto Vice City,purchase,1.0
115037563,Grand Theft Auto III,purchase,1.0
115037563,Grand Theft Auto III,purchase,1.0
178168238,Sid Meier's Civilization IV,purchase,1.0
178168238,Sid Meier's Civilization IV,purchase,1.0
267053376,Grand Theft Auto San Andreas,purchase,1.0
267053376,Grand Theft Auto San Andreas,play,49.0
267053376,Grand Theft Auto San Andreas,purchase,1.0
189858084,Grand Theft Auto San Andreas,purchase,1.0
189858084,Grand Theft Auto III,purchase,1.0
189858084,Grand Theft Auto Vice City,purchase,1.0
189858084,Grand Theft Auto San Andreas,purchase,1.0
189858084,Grand Theft Auto Vice City,purchase,1.0
189858084,Grand Theft Auto III,purchase,1.0
13565651,Arma 2,purchase,1.0
13565651,Grand Theft Auto San Andreas,purchase,1.0
13565651,Grand Theft Auto San Andreas,purchase,1.0
13565651,Grand Theft Auto Vice City,purchase,1.0
13565651,Grand Theft Auto Vice City,purchase,1.0
13565651,Grand Theft Auto III,purchase,1.0
13565651,Grand Theft Auto III,purchase,1.0
305835588,Grand Theft Auto San Andreas,purchase,1.0
305835588,Grand Theft Auto San Andreas,purchase,1.0
81585721,Arma 2,purchase,1.0
81585721,Arma 2,play,0.4
81585721,Grand Theft Auto San Andreas,purchase,1.0
81585721,Grand Theft Auto San Andreas,play,0.3
81585721,Grand Theft Auto San Andreas,purchase,1.0
81585721,Grand Theft Auto Vice City,purchase,1.0
81585721,Grand Theft Auto Vice City,purchase,1.0
81585721,Grand Theft Auto III,purchase,1.0
81585721,Grand Theft Auto III,purchase,1.0
69009454,Grand Theft Auto III,purchase,1.0
69009454,Grand Theft Auto III,play,0.2
69009454,Grand Theft Auto San Andreas,purchase,1.0
69009454,Grand Theft Auto San Andreas,play,0.1
69009454,Grand Theft Auto San Andreas,purchase,1.0
69009454,Grand Theft Auto Vice City,purchase,1.0
69009454,Grand Theft Auto Vice City,purchase,1.0
69009454,Grand Theft Auto III,purchase,1.0
142650116,Grand Theft Auto San Andreas,purchase,1.0
142650116,Grand Theft Auto San Andreas,play,0.3
142650116,Grand Theft Auto San Andreas,purchase,1.0
105877396,Sid Meier's Civilization IV Beyond the Sword,purchase,1.0
105877396,Sid Meier's Civilization IV Beyond the Sword,play,41.0
105877396,Sid Meier's Civilization IV Colonization,purchase,1.0
105877396,Sid Meier's Civilization IV Colonization,play,7.2
105877396,Sid Meier's Civilization IV,purchase,1.0
105877396,Sid Meier's Civilization IV,play,2.5
105877396,Sid Meier's Civilization IV,purchase,1.0
105877396,Sid Meier's Civilization IV Beyond the Sword,purchase,1.0
105877396,Sid Meier's Civilization IV Colonization,purchase,1.0
105877396,Sid Meier's Civilization IV Warlords,purchase,1.0
105877396,Sid Meier's Civilization IV Warlords,purchase,1.0
80779496,Sid Meier's Civilization IV,purchase,1.0
80779496,Sid Meier's Civilization IV,play,0.9
80779496,Sid Meier's Civilization IV,purchase,1.0
80779496,Sid Meier's Civilization IV Beyond the Sword,purchase,1.0
80779496,Sid Meier's Civilization IV Beyond the Sword,purchase,1.0
80779496,Sid Meier's Civilization IV Colonization,purchase,1.0
80779496,Sid Meier's Civilization IV Colonization,purchase,1.0
80779496,Sid Meier's Civilization IV Warlords,purchase,1.0
80779496,Sid Meier's Civilization IV Warlords,purchase,1.0
243664576,Grand Theft Auto San Andreas,purchase,1.0
243664576,Grand Theft Auto San Andreas,play,0.7
243664576,Grand Theft Auto San Andreas,purchase,1.0
39622853,Grand Theft Auto Vice City,purchase,1.0
39622853,Grand Theft Auto Vice City,play,0.3
39622853,Grand Theft Auto San Andreas,purchase,1.0
39622853,Grand Theft Auto San Andreas,play,0.2
39622853,Grand Theft Auto San Andreas,purchase,1.0
39622853,Grand Theft Auto Vice City,purchase,1.0
39622853,Grand Theft Auto III,purchase,1.0
39622853,Grand Theft Auto III,purchase,1.0
116617462,Grand Theft Auto San Andreas,purchase,1.0
116617462,Grand Theft Auto San Andreas,play,15.5
116617462,Grand Theft Auto Vice City,purchase,1.0
116617462,Grand Theft Auto Vice City,play,2.6
116617462,Grand Theft Auto III,purchase,1.0
116617462,Grand Theft Auto III,play,0.7
116617462,Grand Theft Auto San Andreas,purchase,1.0
116617462,Grand Theft Auto Vice City,purchase,1.0
116617462,Grand Theft Auto III,purchase,1.0
11403772,Arma 2,purchase,1.0
11403772,Sid Meier's Civilization IV,purchase,1.0
11403772,Sid Meier's Civilization IV,purchase,1.0
11403772,Sid Meier's Civilization IV Beyond the Sword,purchase,1.0
11403772,Sid Meier's Civilization IV Beyond the Sword,purchase,1.0
11403772,Sid Meier's Civilization IV Colonization,purchase,1.0
11403772,Sid Meier's Civilization IV Colonization,purchase,1.0
11403772,Sid Meier's Civilization IV Warlords,purchase,1.0
11403772,Sid Meier's Civilization IV Warlords,purchase,1.0
111754806,TERA,purchase,1.0
111754806,TERA,play,10.4
111754806,Grand Theft Auto San Andreas,purchase,1.0
111754806,Grand Theft Auto San Andreas,play,1.5
111754806,Grand Theft Auto San Andreas,purchase,1.0
27171538,Sid Meier's Civilization IV Beyond the Sword,purchase,1.0
27171538,Sid Meier's Civilization IV Beyond the Sword,play,463.0
27171538,Sid Meier's Civilization IV Colonization,purchase,1.0
27171538,Sid Meier's Civilization IV Colonization,play,4.3
27171538,Sid Meier's Civilization IV Warlords,purchase,1.0
27171538,Sid Meier's Civilization IV Warlords,play,1.2
27171538,Sid Meier's Civilization IV,purchase,1.0
27171538,Sid Meier's Civilization IV,purchase,1.0
27171538,Sid Meier's Civilization IV Beyond the Sword,purchase,1.0
27171538,Sid Meier's Civilization IV Colonization,purchase,1.0
27171538,Sid Meier's Civilization IV Warlords,purchase,1.0
144824885,Grand Theft Auto San Andreas,purchase,1.0
144824885,Grand Theft Auto San Andreas,play,1.1
144824885,Grand Theft Auto San Andreas,purchase,1.0
145825155,Grand Theft Auto San Andreas,purchase,1.0
145825155,Grand Theft Auto San Andreas,play,0.5
145825155,Grand Theft Auto San Andreas,purchase,1.0
93669877,Grand Theft Auto Vice City,purchase,1.0
93669877,Grand Theft Auto Vice City,play,1.7
93669877,Grand Theft Auto Vice City,purchase,1.0
126269125,Grand Theft Auto San Andreas,purchase,1.0
126269125,Grand Theft Auto San Andreas,play,18.0
126269125,Arma 2,purchase,1.0
126269125,Arma 2,play,0.3
126269125,Grand Theft Auto San Andreas,purchase,1.0
164511211,Grand Theft Auto San Andreas,purchase,1.0
164511211,Grand Theft Auto San Andreas,play,13.2
164511211,Grand Theft Auto San Andreas,purchase,1.0
2259650,Sid Meier's Civilization IV,purchase,1.0
2259650,Sid Meier's Civilization IV,play,2.6
2259650,Sid Meier's Civilization IV Warlords,purchase,1.0
2259650,Sid Meier's Civilization IV Warlords,play,2.3
2259650,Sid Meier's Civilization IV Colonization,purchase,1.0
2259650,Sid Meier's Civilization IV Colonization,play,0.2
2259650,Grand Theft Auto San Andreas,purchase,1.0
2259650,Grand Theft Auto San Andreas,purchase,1.0
2259650,Grand Theft Auto Vice City,purchase,1.0
2259650,Grand Theft Auto Vice City,purchase,1.0
2259650,Grand Theft Auto III,purchase,1.0
2259650,Grand Theft Auto III,purchase,1.0
2259650,Sid Meier's Civilization IV,purchase,1.0
2259650,Sid Meier's Civilization IV Beyond the Sword,purchase,1.0
2259650,Sid Meier's Civilization IV Beyond the Sword,purchase,1.0
2259650,Sid Meier's Civilization IV Colonization,purchase,1.0
2259650,Sid Meier's Civilization IV Warlords,purchase,1.0
71390526,Sid Meier's Civilization IV Beyond the Sword,purchase,1.0
71390526,Sid Meier's Civilization IV Beyond the Sword,play,473.0
71390526,Sid Meier's Civilization IV,purchase,1.0
71390526,Sid Meier's Civilization IV,play,6.1
71390526,Sid Meier's Civilization IV Colonization,purchase,1.0
71390526,Sid Meier's Civilization IV Colonization,play,0.8
71390526,Sid Meier's Civilization IV Warlords,purchase,1.0
71390526,Sid Meier's Civilization IV,purchase,1.0
71390526,Sid Meier's Civilization IV Beyond the Sword,purchase,1.0
71390526,Sid Meier's Civilization IV Colonization,purchase,1.0
71390526,Sid Meier's Civilization IV Warlords,purchase,1.0
105782521,Sid Meier's Civilization IV Beyond the Sword,purchase,1.0
105782521,Sid Meier's Civilization IV Beyond the Sword,play,12.9
105782521,Sid Meier's Civilization IV Colonization,purchase,1.0
105782521,Sid Meier's Civilization IV Colonization,play,1.0
105782521,Sid Meier's Civilization IV,purchase,1.0
105782521,Sid Meier's Civilization IV Warlords,purchase,1.0
105782521,Arma 2,purchase,1.0
105782521,Sid Meier's Civilization IV,purchase,1.0
105782521,Sid Meier's Civilization IV Beyond the Sword,purchase,1.0
105782521,Sid Meier's Civilization IV Colonization,purchase,1.0
105782521,Sid Meier's Civilization IV Warlords,purchase,1.0
110906645,Arma 2,purchase,1.0
110906645,Arma 2,play,1.2
110906645,Grand Theft Auto San Andreas,purchase,1.0
110906645,Grand Theft Auto San Andreas,purchase,1.0
30440303,Arma 2,purchase,1.0
30440303,Arma 2,play,4.2
30440303,Grand Theft Auto San Andreas,purchase,1.0
30440303,Grand Theft Auto San Andreas,play,0.2
30440303,Grand Theft Auto San Andreas,purchase,1.0
30440303,Grand Theft Auto Vice City,purchase,1.0
30440303,Grand Theft Auto Vice City,purchase,1.0
30440303,Grand Theft Auto III,purchase,1.0
30440303,Grand Theft Auto III,purchase,1.0
62878249,Arma 2,purchase,1.0
62878249,Grand Theft Auto San Andreas,purchase,1.0
62878249,Grand Theft Auto San Andreas,purchase,1.0
122026623,Grand Theft Auto III,purchase,1.0
122026623,Grand Theft Auto III,play,5.6
122026623,Grand Theft Auto Vice City,purchase,1.0
122026623,Grand Theft Auto Vice City,play,0.4
122026623,Grand Theft Auto San Andreas,purchase,1.0
122026623,Grand Theft Auto San Andreas,purchase,1.0
122026623,Grand Theft Auto Vice City,purchase,1.0
122026623,Grand Theft Auto III,purchase,1.0
36546868,Arma 2,purchase,1.0
36546868,Arma 2,play,8.6
36546868,Grand Theft Auto San Andreas,purchase,1.0
36546868,Grand Theft Auto San Andreas,play,1.1
36546868,Grand Theft Auto San Andreas,purchase,1.0
152959594,TERA,purchase,1.0
152959594,TERA,play,536.0
152959594,Grand Theft Auto III,purchase,1.0
152959594,Grand Theft Auto III,play,1.6
152959594,Grand Theft Auto San Andreas,purchase,1.0
152959594,Grand Theft Auto San Andreas,play,1.1
152959594,Grand Theft Auto Vice City,purchase,1.0
152959594,Grand Theft Auto San Andreas,purchase,1.0
152959594,Grand Theft Auto Vice City,purchase,1.0
152959594,Grand Theft Auto III,purchase,1.0
22371742,Grand Theft Auto San Andreas,purchase,1.0
22371742,Grand Theft Auto San Andreas,play,5.7
22371742,Grand Theft Auto San Andreas,purchase,1.0
22371742,Grand Theft Auto Vice City,purchase,1.0
22371742,Grand Theft Auto Vice City,purchase,1.0
22371742,Grand Theft Auto III,purchase,1.0
22371742,Grand Theft Auto III,purchase,1.0
100351493,Sid Meier's Civilization IV,purchase,1.0
100351493,Sid Meier's Civilization IV,play,6.4
100351493,Sid Meier's Civilization IV,purchase,1.0
100351493,Sid Meier's Civilization IV Beyond the Sword,purchase,1.0
100351493,Sid Meier's Civilization IV Beyond the Sword,purchase,1.0
100351493,Sid Meier's Civilization IV Colonization,purchase,1.0
100351493,Sid Meier's Civilization IV Colonization,purchase,1.0
100351493,Sid Meier's Civilization IV Warlords,purchase,1.0
100351493,Sid Meier's Civilization IV Warlords,purchase,1.0
69856757,Grand Theft Auto San Andreas,purchase,1.0
69856757,Grand Theft Auto San Andreas,play,1.0
69856757,Arma 2,purchase,1.0
69856757,Arma 2,play,0.7
69856757,Grand Theft Auto Vice City,purchase,1.0
69856757,Grand Theft Auto San Andreas,purchase,1.0
69856757,Grand Theft Auto Vice City,purchase,1.0
47672756,Grand Theft Auto III,purchase,1.0
47672756,Grand Theft Auto III,play,13.1
47672756,Grand Theft Auto San Andreas,purchase,1.0
47672756,Grand Theft Auto San Andreas,play,1.3
47672756,Grand Theft Auto Vice City,purchase,1.0
47672756,Grand Theft Auto Vice City,play,1.2
47672756,Grand Theft Auto San Andreas,purchase,1.0
47672756,Grand Theft Auto Vice City,purchase,1.0
47672756,Grand Theft Auto III,purchase,1.0
75232211,TERA,purchase,1.0
75232211,TERA,play,72.0
75232211,Grand Theft Auto San Andreas,purchase,1.0
75232211,Grand Theft Auto San Andreas,play,50.0
75232211,Grand Theft Auto San Andreas,purchase,1.0
26729643,Sid Meier's Civilization IV Beyond the Sword,purchase,1.0
26729643,Sid Meier's Civilization IV Beyond the Sword,play,43.0
26729643,Arma 2,purchase,1.0
26729643,Arma 2,play,5.2
26729643,Sid Meier's Civilization IV,purchase,1.0
26729643,Sid Meier's Civilization IV,play,1.0
26729643,Sid Meier's Civilization IV,purchase,1.0
26729643,Sid Meier's Civilization IV Beyond the Sword,purchase,1.0
26729643,Sid Meier's Civilization IV Warlords,purchase,1.0
26729643,Sid Meier's Civilization IV Warlords,purchase,1.0
67001780,Grand Theft Auto San Andreas,purchase,1.0
67001780,Grand Theft Auto San Andreas,play,79.0
67001780,Grand Theft Auto Vice City,purchase,1.0
67001780,Grand Theft Auto Vice City,play,17.9
67001780,Grand Theft Auto San Andreas,purchase,1.0
67001780,Grand Theft Auto Vice City,purchase,1.0
6717871,Crysis 2,purchase,1.0
6717871,Crysis 2,play,2.7
6717871,Crysis 2,purchase,1.0
179936723,Grand Theft Auto San Andreas,purchase,1.0
179936723,Grand Theft Auto San Andreas,purchase,1.0
33282871,Grand Theft Auto San Andreas,purchase,1.0
33282871,Grand Theft Auto San Andreas,play,0.3
33282871,Grand Theft Auto San Andreas,purchase,1.0
33282871,Grand Theft Auto Vice City,purchase,1.0
33282871,Grand Theft Auto Vice City,purchase,1.0
33282871,Grand Theft Auto III,purchase,1.0
33282871,Grand Theft Auto III,purchase,1.0
33282871,TERA,purchase,1.0
49893565,Grand Theft Auto San Andreas,purchase,1.0
49893565,Grand Theft Auto San Andreas,play,0.3
49893565,Grand Theft Auto San Andreas,purchase,1.0
49893565,Grand Theft Auto Vice City,purchase,1.0
49893565,Grand Theft Auto Vice City,purchase,1.0
49893565,Grand Theft Auto III,purchase,1.0
49893565,Grand Theft Auto III,purchase,1.0
46301758,Sid Meier's Civilization IV,purchase,1.0
46301758,Sid Meier's Civilization IV,play,0.4
46301758,Sid Meier's Civilization IV Beyond the Sword,purchase,1.0
46301758,Sid Meier's Civilization IV,purchase,1.0
46301758,Sid Meier's Civilization IV Beyond the Sword,purchase,1.0
46301758,Sid Meier's Civilization IV Colonization,purchase,1.0
46301758,Sid Meier's Civilization IV Colonization,purchase,1.0
46301758,Sid Meier's Civilization IV Warlords,purchase,1.0
46301758,Sid Meier's Civilization IV Warlords,purchase,1.0
34582304,Sid Meier's Civilization IV,purchase,1.0
34582304,Sid Meier's Civilization IV,play,6.9
34582304,Sid Meier's Civilization IV,purchase,1.0
33013552,Arma 2,purchase,1.0
33013552,Arma 2,play,0.2
33013552,Sid Meier's Civilization IV,purchase,1.0
33013552,Sid Meier's Civilization IV,purchase,1.0
33013552,Sid Meier's Civilization IV Beyond the Sword,purchase,1.0
33013552,Sid Meier's Civilization IV Beyond the Sword,purchase,1.0
33013552,Sid Meier's Civilization IV Colonization,purchase,1.0
33013552,Sid Meier's Civilization IV Colonization,purchase,1.0
33013552,Sid Meier's Civilization IV Warlords,purchase,1.0
33013552,Sid Meier's Civilization IV Warlords,purchase,1.0
43684632,Arma 2,purchase,1.0
43684632,Arma 2,play,12.4
43684632,Grand Theft Auto San Andreas,purchase,1.0
43684632,Grand Theft Auto San Andreas,play,1.3
43684632,Grand Theft Auto Vice City,purchase,1.0
43684632,Grand Theft Auto Vice City,play,0.7
43684632,Grand Theft Auto San Andreas,purchase,1.0
43684632,Grand Theft Auto Vice City,purchase,1.0
43684632,Grand Theft Auto III,purchase,1.0
43684632,Grand Theft Auto III,purchase,1.0
48984158,Grand Theft Auto Vice City,purchase,1.0
48984158,Grand Theft Auto Vice City,play,1.4
48984158,Grand Theft Auto III,purchase,1.0
48984158,Grand Theft Auto III,play,1.4
48984158,Grand Theft Auto San Andreas,purchase,1.0
48984158,Grand Theft Auto San Andreas,play,0.7
48984158,Grand Theft Auto San Andreas,purchase,1.0
48984158,Grand Theft Auto Vice City,purchase,1.0
48984158,Grand Theft Auto III,purchase,1.0
50769696,Grand Theft Auto San Andreas,purchase,1.0
50769696,Grand Theft Auto San Andreas,play,10.9
50769696,Grand Theft Auto San Andreas,purchase,1.0
50769696,Grand Theft Auto San Andreas,play,3.1
101731521,Grand Theft Auto San Andreas,purchase,1.0
101731521,Grand Theft Auto San Andreas,play,1.4
101731521,Grand Theft Auto Vice City,purchase,1.0
101731521,Grand Theft Auto Vice City,play,0.3
101731521,Grand Theft Auto III,purchase,1.0
101731521,Grand Theft Auto III,play,0.2
101731521,Grand Theft Auto San Andreas,purchase,1.0
101731521,Grand Theft Auto Vice City,purchase,1.0
101731521,Grand Theft Auto III,purchase,1.0
86055705,Arma 2,purchase,1.0
86055705,Arma 2,play,0.6
86055705,Grand Theft Auto San Andreas,purchase,1.0
86055705,Grand Theft Auto San Andreas,purchase,1.0
58057627,Grand Theft Auto Vice City,purchase,1.0
58057627,Grand Theft Auto Vice City,play,0.4
58057627,Arma 2,purchase,1.0
58057627,Arma 2,play,0.2
58057627,Grand Theft Auto San Andreas,purchase,1.0
58057627,Grand Theft Auto San Andreas,purchase,1.0
58057627,Grand Theft Auto Vice City,purchase,1.0
39037163,Arma 2,purchase,1.0
39037163,Grand Theft Auto San Andreas,purchase,1.0
39037163,Grand Theft Auto San Andreas,purchase,1.0
302237901,Grand Theft Auto San Andreas,purchase,1.0
302237901,Grand Theft Auto San Andreas,play,0.1
302237901,Grand Theft Auto San Andreas,purchase,1.0
154458931,Grand Theft Auto San Andreas,purchase,1.0
154458931,Grand Theft Auto San Andreas,play,2.7
154458931,Grand Theft Auto Vice City,purchase,1.0
154458931,Grand Theft Auto Vice City,play,0.6
154458931,Grand Theft Auto San Andreas,purchase,1.0
154458931,Grand Theft Auto Vice City,purchase,1.0
154458931,Grand Theft Auto III,purchase,1.0
154458931,Grand Theft Auto III,purchase,1.0
65398650,Sid Meier's Civilization IV,purchase,1.0
65398650,Sid Meier's Civilization IV,purchase,1.0
65398650,Sid Meier's Civilization IV Beyond the Sword,purchase,1.0
65398650,Sid Meier's Civilization IV Beyond the Sword,purchase,1.0
65398650,Sid Meier's Civilization IV Colonization,purchase,1.0
65398650,Sid Meier's Civilization IV Colonization,purchase,1.0
65398650,Sid Meier's Civilization IV Warlords,purchase,1.0
65398650,Sid Meier's Civilization IV Warlords,purchase,1.0
70408902,Grand Theft Auto San Andreas,purchase,1.0
70408902,Grand Theft Auto San Andreas,purchase,1.0
46055854,Crysis 2,purchase,1.0
46055854,Crysis 2,play,18.0
46055854,Crysis 2,purchase,1.0
37422528,Sid Meier's Civilization IV,purchase,1.0
37422528,Sid Meier's Civilization IV,purchase,1.0
37422528,Sid Meier's Civilization IV Beyond the Sword,purchase,1.0
37422528,Sid Meier's Civilization IV Beyond the Sword,purchase,1.0
37422528,Sid Meier's Civilization IV Colonization,purchase,1.0
37422528,Sid Meier's Civilization IV Colonization,purchase,1.0
37422528,Sid Meier's Civilization IV Warlords,purchase,1.0
37422528,Sid Meier's Civilization IV Warlords,purchase,1.0
71411882,Grand Theft Auto San Andreas,purchase,1.0
71411882,Grand Theft Auto San Andreas,play,10.7
71411882,Grand Theft Auto III,purchase,1.0
71411882,Grand Theft Auto III,play,1.1
71411882,Grand Theft Auto Vice City,purchase,1.0
71411882,Grand Theft Auto Vice City,play,0.7
71411882,Grand Theft Auto III,purchase,1.0
71411882,Grand Theft Auto III,play,0.2
71411882,Grand Theft Auto San Andreas,purchase,1.0
71411882,Grand Theft Auto Vice City,purchase,1.0
11813637,Sid Meier's Civilization IV,purchase,1.0
11813637,Sid Meier's Civilization IV,play,3.2
11813637,Crysis 2,purchase,1.0
11813637,Crysis 2,play,2.7
11813637,Sid Meier's Civilization IV Beyond the Sword,purchase,1.0
11813637,Sid Meier's Civilization IV Beyond the Sword,play,1.9
11813637,Crysis 2,purchase,1.0
11813637,Sid Meier's Civilization IV,purchase,1.0
11813637,Sid Meier's Civilization IV Beyond the Sword,purchase,1.0
11813637,Sid Meier's Civilization IV Colonization,purchase,1.0
11813637,Sid Meier's Civilization IV Colonization,purchase,1.0
11813637,Sid Meier's Civilization IV Warlords,purchase,1.0
11813637,Sid Meier's Civilization IV Warlords,purchase,1.0
160993265,Grand Theft Auto San Andreas,purchase,1.0
160993265,Grand Theft Auto San Andreas,play,0.4
160993265,Grand Theft Auto San Andreas,purchase,1.0
131386705,Grand Theft Auto San Andreas,purchase,1.0
131386705,Grand Theft Auto San Andreas,play,29.0
131386705,Grand Theft Auto III,purchase,1.0
131386705,Grand Theft Auto III,play,1.1
131386705,Grand Theft Auto San Andreas,purchase,1.0
131386705,Grand Theft Auto Vice City,purchase,1.0
131386705,Grand Theft Auto Vice City,purchase,1.0
131386705,Grand Theft Auto III,purchase,1.0
117949868,Grand Theft Auto Vice City,purchase,1.0
117949868,Grand Theft Auto Vice City,play,7.7
117949868,Grand Theft Auto Vice City,purchase,1.0
4824107,Grand Theft Auto San Andreas,purchase,1.0
4824107,Grand Theft Auto San Andreas,play,0.6
4824107,Grand Theft Auto San Andreas,purchase,1.0
4824107,Grand Theft Auto Vice City,purchase,1.0
4824107,Grand Theft Auto Vice City,purchase,1.0
4824107,Grand Theft Auto III,purchase,1.0
4824107,Grand Theft Auto III,purchase,1.0
24721232,Arma 2,purchase,1.0
24721232,Grand Theft Auto San Andreas,purchase,1.0
24721232,Grand Theft Auto San Andreas,purchase,1.0
24721232,Grand Theft Auto Vice City,purchase,1.0
24721232,Grand Theft Auto Vice City,purchase,1.0
24721232,Grand Theft Auto III,purchase,1.0
24721232,Grand Theft Auto III,purchase,1.0
24721232,Sid Meier's Civilization IV,purchase,1.0
24721232,Sid Meier's Civilization IV,purchase,1.0
24721232,Sid Meier's Civilization IV Beyond the Sword,purchase,1.0
24721232,Sid Meier's Civilization IV Beyond the Sword,purchase,1.0
24721232,Sid Meier's Civilization IV Colonization,purchase,1.0
24721232,Sid Meier's Civilization IV Colonization,purchase,1.0
24721232,Sid Meier's Civilization IV Warlords,purchase,1.0
24721232,Sid Meier's Civilization IV Warlords,purchase,1.0
138941587,TERA,purchase,1.0
138941587,TERA,play,2.8
138941587,Sid Meier's Civilization IV,purchase,1.0
138941587,Sid Meier's Civilization IV,purchase,1.0
138941587,Sid Meier's Civilization IV Beyond the Sword,purchase,1.0
138941587,Sid Meier's Civilization IV Beyond the Sword,purchase,1.0
138941587,Sid Meier's Civilization IV Colonization,purchase,1.0
138941587,Sid Meier's Civilization IV Colonization,purchase,1.0
138941587,Sid Meier's Civilization IV Warlords,purchase,1.0
138941587,Sid Meier's Civilization IV Warlords,purchase,1.0
55975168,Sid Meier's Civilization IV,purchase,1.0
55975168,Sid Meier's Civilization IV,purchase,1.0
55975168,Sid Meier's Civilization IV Beyond the Sword,purchase,1.0
55975168,Sid Meier's Civilization IV Beyond the Sword,purchase,1.0
55975168,Sid Meier's Civilization IV Colonization,purchase,1.0
55975168,Sid Meier's Civilization IV Colonization,purchase,1.0
55975168,Sid Meier's Civilization IV Warlords,purchase,1.0
55975168,Sid Meier's Civilization IV Warlords,purchase,1.0
29873979,Arma 2,purchase,1.0
29873979,Sid Meier's Civilization IV,purchase,1.0
29873979,Sid Meier's Civilization IV,purchase,1.0
29873979,Sid Meier's Civilization IV Beyond the Sword,purchase,1.0
29873979,Sid Meier's Civilization IV Beyond the Sword,purchase,1.0
29873979,Sid Meier's Civilization IV Colonization,purchase,1.0
29873979,Sid Meier's Civilization IV Colonization,purchase,1.0
29873979,Sid Meier's Civilization IV Warlords,purchase,1.0
29873979,Sid Meier's Civilization IV Warlords,purchase,1.0
33865373,Sid Meier's Civilization IV,purchase,1.0
33865373,Sid Meier's Civilization IV,play,135.0
33865373,Sid Meier's Civilization IV Beyond the Sword,purchase,1.0
33865373,Sid Meier's Civilization IV Beyond the Sword,play,19.8
33865373,Grand Theft Auto Vice City,purchase,1.0
33865373,Grand Theft Auto Vice City,play,7.2
33865373,Sid Meier's Civilization IV,purchase,1.0
33865373,Sid Meier's Civilization IV,play,2.0
33865373,Sid Meier's Civilization IV Colonization,purchase,1.0
33865373,Sid Meier's Civilization IV Colonization,play,0.4
33865373,Grand Theft Auto San Andreas,purchase,1.0
33865373,Grand Theft Auto San Andreas,purchase,1.0
33865373,Grand Theft Auto Vice City,purchase,1.0
33865373,Grand Theft Auto III,purchase,1.0
33865373,Grand Theft Auto III,purchase,1.0
33865373,Sid Meier's Civilization IV Beyond the Sword,purchase,1.0
33865373,Sid Meier's Civilization IV Colonization,purchase,1.0
33865373,Sid Meier's Civilization IV Warlords,purchase,1.0
33865373,Sid Meier's Civilization IV Warlords,purchase,1.0
14544587,Sid Meier's Civilization IV Beyond the Sword,purchase,1.0
14544587,Sid Meier's Civilization IV Beyond the Sword,play,0.5
14544587,Sid Meier's Civilization IV,purchase,1.0
14544587,Sid Meier's Civilization IV,purchase,1.0
14544587,Sid Meier's Civilization IV Beyond the Sword,purchase,1.0
14544587,Sid Meier's Civilization IV Warlords,purchase,1.0
14544587,Sid Meier's Civilization IV Warlords,purchase,1.0
222060673,Sid Meier's Civilization IV,purchase,1.0
222060673,Sid Meier's Civilization IV,purchase,1.0
222060673,Sid Meier's Civilization IV Beyond the Sword,purchase,1.0
222060673,Sid Meier's Civilization IV Beyond the Sword,purchase,1.0
222060673,Sid Meier's Civilization IV Colonization,purchase,1.0
222060673,Sid Meier's Civilization IV Colonization,purchase,1.0
222060673,Sid Meier's Civilization IV Warlords,purchase,1.0
222060673,Sid Meier's Civilization IV Warlords,purchase,1.0
84513749,Sid Meier's Civilization IV,purchase,1.0
84513749,Sid Meier's Civilization IV,play,0.1
84513749,Sid Meier's Civilization IV,purchase,1.0
84513749,Sid Meier's Civilization IV Beyond the Sword,purchase,1.0
84513749,Sid Meier's Civilization IV Beyond the Sword,purchase,1.0
84513749,Sid Meier's Civilization IV Colonization,purchase,1.0
84513749,Sid Meier's Civilization IV Colonization,purchase,1.0
84513749,Sid Meier's Civilization IV Warlords,purchase,1.0
84513749,Sid Meier's Civilization IV Warlords,purchase,1.0
53091150,Grand Theft Auto Vice City,purchase,1.0
53091150,Grand Theft Auto Vice City,play,12.2
53091150,Grand Theft Auto San Andreas,purchase,1.0
53091150,Grand Theft Auto San Andreas,purchase,1.0
53091150,Grand Theft Auto Vice City,purchase,1.0
53091150,Grand Theft Auto III,purchase,1.0
53091150,Grand Theft Auto III,purchase,1.0
53091150,Sid Meier's Civilization IV,purchase,1.0
53091150,Sid Meier's Civilization IV,purchase,1.0
53091150,Sid Meier's Civilization IV Beyond the Sword,purchase,1.0
53091150,Sid Meier's Civilization IV Beyond the Sword,purchase,1.0
53091150,Sid Meier's Civilization IV Colonization,purchase,1.0
53091150,Sid Meier's Civilization IV Colonization,purchase,1.0
53091150,Sid Meier's Civilization IV Warlords,purchase,1.0
53091150,Sid Meier's Civilization IV Warlords,purchase,1.0
197657608,Grand Theft Auto San Andreas,purchase,1.0
197657608,Grand Theft Auto San Andreas,play,28.0
197657608,Grand Theft Auto San Andreas,purchase,1.0
146517796,Grand Theft Auto Vice City,purchase,1.0
146517796,Grand Theft Auto Vice City,play,22.0
146517796,Grand Theft Auto Vice City,purchase,1.0
64455019,Sid Meier's Civilization IV,purchase,1.0
64455019,Sid Meier's Civilization IV,play,19.4
64455019,Sid Meier's Civilization IV,purchase,1.0
64455019,Sid Meier's Civilization IV Beyond the Sword,purchase,1.0
64455019,Sid Meier's Civilization IV Beyond the Sword,purchase,1.0
64455019,Sid Meier's Civilization IV Colonization,purchase,1.0
64455019,Sid Meier's Civilization IV Colonization,purchase,1.0
64455019,Sid Meier's Civilization IV Warlords,purchase,1.0
64455019,Sid Meier's Civilization IV Warlords,purchase,1.0
75368808,Sid Meier's Civilization IV Colonization,purchase,1.0
75368808,Sid Meier's Civilization IV Colonization,play,10.7
75368808,Sid Meier's Civilization IV Colonization,purchase,1.0
34919318,Grand Theft Auto San Andreas,purchase,1.0
34919318,Grand Theft Auto San Andreas,play,21.0
34919318,Grand Theft Auto Vice City,purchase,1.0
34919318,Grand Theft Auto Vice City,play,2.8
34919318,Grand Theft Auto III,purchase,1.0
34919318,Grand Theft Auto III,play,2.0
34919318,Grand Theft Auto San Andreas,purchase,1.0
34919318,Grand Theft Auto Vice City,purchase,1.0
34919318,Grand Theft Auto III,purchase,1.0
22301321,Arma 2,purchase,1.0
22301321,Sid Meier's Civilization IV,purchase,1.0
22301321,Sid Meier's Civilization IV,purchase,1.0
22301321,Sid Meier's Civilization IV Beyond the Sword,purchase,1.0
22301321,Sid Meier's Civilization IV Beyond the Sword,purchase,1.0
22301321,Sid Meier's Civilization IV Warlords,purchase,1.0
22301321,Sid Meier's Civilization IV Warlords,purchase,1.0
107743243,Grand Theft Auto San Andreas,purchase,1.0
107743243,Grand Theft Auto San Andreas,play,4.5
107743243,Grand Theft Auto San Andreas,purchase,1.0
106796307,Grand Theft Auto San Andreas,purchase,1.0
106796307,Grand Theft Auto San Andreas,play,3.0
106796307,TERA,purchase,1.0
106796307,TERA,play,2.1
106796307,Grand Theft Auto San Andreas,purchase,1.0
6928806,Sid Meier's Civilization IV,purchase,1.0
6928806,Sid Meier's Civilization IV,play,39.0
6928806,Grand Theft Auto San Andreas,purchase,1.0
6928806,Grand Theft Auto San Andreas,play,1.5
6928806,Grand Theft Auto San Andreas,purchase,1.0
6928806,Sid Meier's Civilization IV,purchase,1.0
113752996,Arma 2,purchase,1.0
113752996,Arma 2,play,2.4
113752996,Grand Theft Auto San Andreas,purchase,1.0
113752996,Grand Theft Auto San Andreas,purchase,1.0
156675178,Grand Theft Auto San Andreas,purchase,1.0
156675178,Grand Theft Auto San Andreas,play,0.4
156675178,Grand Theft Auto San Andreas,purchase,1.0
35039277,Grand Theft Auto San Andreas,purchase,1.0
35039277,Grand Theft Auto San Andreas,purchase,1.0
1936551,Sid Meier's Civilization IV Colonization,purchase,1.0
1936551,Sid Meier's Civilization IV Colonization,play,7.4
1936551,Sid Meier's Civilization IV Colonization,purchase,1.0
93275329,Grand Theft Auto San Andreas,purchase,1.0
93275329,Grand Theft Auto San Andreas,play,6.9
93275329,Grand Theft Auto III,purchase,1.0
93275329,Grand Theft Auto III,play,0.3
93275329,Grand Theft Auto Vice City,purchase,1.0
93275329,Grand Theft Auto San Andreas,purchase,1.0
93275329,Grand Theft Auto Vice City,purchase,1.0
93275329,Grand Theft Auto III,purchase,1.0
170172944,TERA,purchase,1.0
170172944,TERA,play,0.8
170172944,Grand Theft Auto San Andreas,purchase,1.0
170172944,Grand Theft Auto San Andreas,play,0.4
170172944,Grand Theft Auto San Andreas,purchase,1.0
51557405,Arma 2,purchase,1.0
51557405,Arma 2,play,0.1
51557405,Grand Theft Auto San Andreas,purchase,1.0
51557405,Grand Theft Auto San Andreas,purchase,1.0
51557405,Grand Theft Auto Vice City,purchase,1.0
51557405,Grand Theft Auto Vice City,purchase,1.0
51557405,Grand Theft Auto III,purchase,1.0
51557405,Grand Theft Auto III,purchase,1.0
124059151,Grand Theft Auto San Andreas,purchase,1.0
124059151,Grand Theft Auto San Andreas,purchase,1.0
124059151,Sid Meier's Civilization IV,purchase,1.0
124059151,Sid Meier's Civilization IV,purchase,1.0
124059151,Sid Meier's Civilization IV Beyond the Sword,purchase,1.0
124059151,Sid Meier's Civilization IV Beyond the Sword,purchase,1.0
124059151,Sid Meier's Civilization IV Colonization,purchase,1.0
124059151,Sid Meier's Civilization IV Colonization,purchase,1.0
124059151,Sid Meier's Civilization IV Warlords,purchase,1.0
124059151,Sid Meier's Civilization IV Warlords,purchase,1.0
124059151,TERA,purchase,1.0
161659407,Sid Meier's Civilization IV,purchase,1.0
161659407,Sid Meier's Civilization IV,play,42.0
161659407,Sid Meier's Civilization IV Beyond the Sword,purchase,1.0
161659407,Sid Meier's Civilization IV Beyond the Sword,play,41.0
161659407,Sid Meier's Civilization IV,purchase,1.0
161659407,Sid Meier's Civilization IV Beyond the Sword,purchase,1.0
199628395,Grand Theft Auto III,purchase,1.0
199628395,Grand Theft Auto III,play,0.7
199628395,Grand Theft Auto San Andreas,purchase,1.0
199628395,Grand Theft Auto San Andreas,purchase,1.0
199628395,Grand Theft Auto Vice City,purchase,1.0
199628395,Grand Theft Auto Vice City,purchase,1.0
199628395,Grand Theft Auto III,purchase,1.0
134516625,Sid Meier's Civilization IV,purchase,1.0
134516625,Sid Meier's Civilization IV,purchase,1.0
134516625,Sid Meier's Civilization IV Beyond the Sword,purchase,1.0
134516625,Sid Meier's Civilization IV Beyond the Sword,purchase,1.0
134516625,Sid Meier's Civilization IV Colonization,purchase,1.0
134516625,Sid Meier's Civilization IV Colonization,purchase,1.0
134516625,Sid Meier's Civilization IV Warlords,purchase,1.0
134516625,Sid Meier's Civilization IV Warlords,purchase,1.0
157095466,Sid Meier's Civilization IV,purchase,1.0
157095466,Sid Meier's Civilization IV,purchase,1.0
157095466,Sid Meier's Civilization IV Beyond the Sword,purchase,1.0
157095466,Sid Meier's Civilization IV Beyond the Sword,purchase,1.0
157095466,Sid Meier's Civilization IV Colonization,purchase,1.0
157095466,Sid Meier's Civilization IV Colonization,purchase,1.0
157095466,Sid Meier's Civilization IV Warlords,purchase,1.0
157095466,Sid Meier's Civilization IV Warlords,purchase,1.0
216688763,Grand Theft Auto San Andreas,purchase,1.0
216688763,Grand Theft Auto San Andreas,purchase,1.0
30246419,Tom Clancy's H.A.W.X. 2,purchase,1.0
30246419,Tom Clancy's H.A.W.X. 2,play,2.7
30246419,Arma 2,purchase,1.0
30246419,Grand Theft Auto San Andreas,purchase,1.0
30246419,Grand Theft Auto San Andreas,purchase,1.0
30246419,Grand Theft Auto Vice City,purchase,1.0
30246419,Grand Theft Auto Vice City,purchase,1.0
30246419,Grand Theft Auto III,purchase,1.0
30246419,Grand Theft Auto III,purchase,1.0
30246419,Sid Meier's Civilization IV,purchase,1.0
30246419,Sid Meier's Civilization IV,purchase,1.0
30246419,Sid Meier's Civilization IV Beyond the Sword,purchase,1.0
30246419,Sid Meier's Civilization IV Beyond the Sword,purchase,1.0
30246419,Sid Meier's Civilization IV Colonization,purchase,1.0
30246419,Sid Meier's Civilization IV Colonization,purchase,1.0
30246419,Sid Meier's Civilization IV Warlords,purchase,1.0
30246419,Sid Meier's Civilization IV Warlords,purchase,1.0
59005471,Sid Meier's Civilization IV Beyond the Sword,purchase,1.0
59005471,Sid Meier's Civilization IV Beyond the Sword,play,122.0
59005471,Sid Meier's Civilization IV,purchase,1.0
59005471,Grand Theft Auto San Andreas,purchase,1.0
59005471,Grand Theft Auto San Andreas,purchase,1.0
59005471,Grand Theft Auto Vice City,purchase,1.0
59005471,Grand Theft Auto Vice City,purchase,1.0
59005471,Grand Theft Auto III,purchase,1.0
59005471,Grand Theft Auto III,purchase,1.0
59005471,Sid Meier's Civilization IV,purchase,1.0
59005471,Sid Meier's Civilization IV Beyond the Sword,purchase,1.0
59005471,Sid Meier's Civilization IV Colonization,purchase,1.0
59005471,Sid Meier's Civilization IV Colonization,purchase,1.0
59005471,Sid Meier's Civilization IV Warlords,purchase,1.0
59005471,Sid Meier's Civilization IV Warlords,purchase,1.0
164561444,Sid Meier's Civilization IV,purchase,1.0
164561444,Sid Meier's Civilization IV,purchase,1.0
164561444,Sid Meier's Civilization IV Beyond the Sword,purchase,1.0
164561444,Sid Meier's Civilization IV Beyond the Sword,purchase,1.0
164561444,Sid Meier's Civilization IV Colonization,purchase,1.0
164561444,Sid Meier's Civilization IV Colonization,purchase,1.0
164561444,Sid Meier's Civilization IV Warlords,purchase,1.0
164561444,Sid Meier's Civilization IV Warlords,purchase,1.0
130312302,Arma 2,purchase,1.0
130312302,Arma 2,play,0.9
130312302,Sid Meier's Civilization IV,purchase,1.0
130312302,Sid Meier's Civilization IV,purchase,1.0
130312302,Sid Meier's Civilization IV Beyond the Sword,purchase,1.0
130312302,Sid Meier's Civilization IV Beyond the Sword,purchase,1.0
130312302,Sid Meier's Civilization IV Colonization,purchase,1.0
130312302,Sid Meier's Civilization IV Colonization,purchase,1.0
130312302,Sid Meier's Civilization IV Warlords,purchase,1.0
130312302,Sid Meier's Civilization IV Warlords,purchase,1.0
31733621,Sid Meier's Civilization IV,purchase,1.0
31733621,Sid Meier's Civilization IV,purchase,1.0
31733621,Sid Meier's Civilization IV Beyond the Sword,purchase,1.0
31733621,Sid Meier's Civilization IV Beyond the Sword,purchase,1.0
31733621,Sid Meier's Civilization IV Colonization,purchase,1.0
31733621,Sid Meier's Civilization IV Colonization,purchase,1.0
31733621,Sid Meier's Civilization IV Warlords,purchase,1.0
31733621,Sid Meier's Civilization IV Warlords,purchase,1.0
178038549,Grand Theft Auto San Andreas,purchase,1.0
178038549,Grand Theft Auto San Andreas,play,0.3
178038549,Grand Theft Auto San Andreas,purchase,1.0
107452765,Arma 2,purchase,1.0
107452765,Sid Meier's Civilization IV,purchase,1.0
107452765,Sid Meier's Civilization IV,purchase,1.0
107452765,Sid Meier's Civilization IV Beyond the Sword,purchase,1.0
107452765,Sid Meier's Civilization IV Beyond the Sword,purchase,1.0
107452765,Sid Meier's Civilization IV Colonization,purchase,1.0
107452765,Sid Meier's Civilization IV Colonization,purchase,1.0
107452765,Sid Meier's Civilization IV Warlords,purchase,1.0
107452765,Sid Meier's Civilization IV Warlords,purchase,1.0
127335438,Grand Theft Auto San Andreas,purchase,1.0
127335438,Grand Theft Auto San Andreas,purchase,1.0
127335438,Grand Theft Auto Vice City,purchase,1.0
127335438,Grand Theft Auto Vice City,purchase,1.0
127335438,Grand Theft Auto III,purchase,1.0
127335438,Grand Theft Auto III,purchase,1.0
159428605,Grand Theft Auto Vice City,purchase,1.0
159428605,Grand Theft Auto Vice City,play,0.3
159428605,Grand Theft Auto San Andreas,purchase,1.0
159428605,Grand Theft Auto San Andreas,purchase,1.0
159428605,Grand Theft Auto Vice City,purchase,1.0
159428605,Grand Theft Auto III,purchase,1.0
159428605,Grand Theft Auto III,purchase,1.0
185258131,Grand Theft Auto San Andreas,purchase,1.0
185258131,Grand Theft Auto San Andreas,purchase,1.0
36502549,Sid Meier's Civilization IV Beyond the Sword,purchase,1.0
36502549,Sid Meier's Civilization IV Beyond the Sword,play,313.0
36502549,Sid Meier's Civilization IV Colonization,purchase,1.0
36502549,Sid Meier's Civilization IV,purchase,1.0
36502549,Sid Meier's Civilization IV,purchase,1.0
36502549,Sid Meier's Civilization IV Beyond the Sword,purchase,1.0
36502549,Sid Meier's Civilization IV Colonization,purchase,1.0
36502549,Sid Meier's Civilization IV Warlords,purchase,1.0
36502549,Sid Meier's Civilization IV Warlords,purchase,1.0
60210313,Grand Theft Auto San Andreas,purchase,1.0
60210313,Grand Theft Auto San Andreas,purchase,1.0
205171017,Grand Theft Auto San Andreas,purchase,1.0
205171017,Grand Theft Auto San Andreas,play,19.5
205171017,Grand Theft Auto San Andreas,purchase,1.0
170947678,Grand Theft Auto San Andreas,purchase,1.0
170947678,Grand Theft Auto San Andreas,play,1.2
170947678,Grand Theft Auto San Andreas,purchase,1.0
55761025,Grand Theft Auto San Andreas,purchase,1.0
55761025,Grand Theft Auto San Andreas,play,0.4
55761025,Grand Theft Auto Vice City,purchase,1.0
55761025,Grand Theft Auto Vice City,play,0.3
55761025,Grand Theft Auto San Andreas,purchase,1.0
55761025,Grand Theft Auto Vice City,purchase,1.0
55761025,Grand Theft Auto III,purchase,1.0
55761025,Grand Theft Auto III,purchase,1.0
71510748,Grand Theft Auto Vice City,purchase,1.0
71510748,Grand Theft Auto Vice City,play,4.9
71510748,Grand Theft Auto III,purchase,1.0
71510748,Grand Theft Auto III,play,3.0
71510748,Grand Theft Auto San Andreas,purchase,1.0
71510748,Grand Theft Auto San Andreas,play,0.6
71510748,Grand Theft Auto San Andreas,purchase,1.0
71510748,Grand Theft Auto San Andreas,play,0.2
71510748,Grand Theft Auto Vice City,purchase,1.0
71510748,Grand Theft Auto III,purchase,1.0
28472068,Grand Theft Auto Vice City,purchase,1.0
28472068,Grand Theft Auto Vice City,play,5.3
28472068,Grand Theft Auto San Andreas,purchase,1.0
28472068,Grand Theft Auto San Andreas,play,0.7
28472068,Grand Theft Auto III,purchase,1.0
28472068,Grand Theft Auto III,play,0.4
28472068,Grand Theft Auto Vice City,purchase,1.0
28472068,Grand Theft Auto Vice City,play,0.4
28472068,Grand Theft Auto San Andreas,purchase,1.0
28472068,Grand Theft Auto San Andreas,play,0.2
28472068,Grand Theft Auto III,purchase,1.0
28472068,Grand Theft Auto III,play,0.1
7907686,Grand Theft Auto III,purchase,1.0
7907686,Grand Theft Auto III,purchase,1.0
172434236,Grand Theft Auto San Andreas,purchase,1.0
172434236,Grand Theft Auto III,purchase,1.0
172434236,Grand Theft Auto San Andreas,purchase,1.0
172434236,Grand Theft Auto Vice City,purchase,1.0
172434236,Grand Theft Auto Vice City,purchase,1.0
172434236,Grand Theft Auto III,purchase,1.0
63157803,Grand Theft Auto San Andreas,purchase,1.0
63157803,Grand Theft Auto San Andreas,play,0.7
63157803,Arma 2,purchase,1.0
63157803,Grand Theft Auto San Andreas,purchase,1.0
187801454,Grand Theft Auto San Andreas,purchase,1.0
187801454,Grand Theft Auto San Andreas,purchase,1.0
187801454,Grand Theft Auto Vice City,purchase,1.0
187801454,Grand Theft Auto Vice City,purchase,1.0
187801454,Grand Theft Auto III,purchase,1.0
187801454,Grand Theft Auto III,purchase,1.0
163114751,Sid Meier's Civilization IV Warlords,purchase,1.0
163114751,Sid Meier's Civilization IV Warlords,play,79.0
163114751,Sid Meier's Civilization IV,purchase,1.0
163114751,Sid Meier's Civilization IV,purchase,1.0
163114751,Sid Meier's Civilization IV Beyond the Sword,purchase,1.0
163114751,Sid Meier's Civilization IV Beyond the Sword,purchase,1.0
163114751,Sid Meier's Civilization IV Colonization,purchase,1.0
163114751,Sid Meier's Civilization IV Colonization,purchase,1.0
163114751,Sid Meier's Civilization IV Warlords,purchase,1.0
17530772,Arma 2,purchase,1.0
17530772,Arma 2,play,23.0
17530772,Grand Theft Auto Vice City,purchase,1.0
17530772,Grand Theft Auto Vice City,play,4.8
17530772,Grand Theft Auto San Andreas,purchase,1.0
17530772,Grand Theft Auto San Andreas,play,3.5
17530772,Grand Theft Auto III,purchase,1.0
17530772,Grand Theft Auto III,play,0.5
17530772,Grand Theft Auto San Andreas,purchase,1.0
17530772,Grand Theft Auto Vice City,purchase,1.0
17530772,Grand Theft Auto III,purchase,1.0
136271892,Sid Meier's Civilization IV,purchase,1.0
136271892,Sid Meier's Civilization IV,play,0.7
136271892,Sid Meier's Civilization IV,purchase,1.0
65152385,Sid Meier's Civilization IV,purchase,1.0
65152385,Sid Meier's Civilization IV,play,98.0
65152385,Grand Theft Auto San Andreas,purchase,1.0
65152385,Grand Theft Auto San Andreas,play,74.0
65152385,Grand Theft Auto San Andreas,purchase,1.0
65152385,Sid Meier's Civilization IV,purchase,1.0
85210874,Sid Meier's Civilization IV,purchase,1.0
85210874,Sid Meier's Civilization IV,purchase,1.0
85210874,Sid Meier's Civilization IV Beyond the Sword,purchase,1.0
85210874,Sid Meier's Civilization IV Beyond the Sword,purchase,1.0
85210874,Sid Meier's Civilization IV Colonization,purchase,1.0
85210874,Sid Meier's Civilization IV Colonization,purchase,1.0
85210874,Sid Meier's Civilization IV Warlords,purchase,1.0
85210874,Sid Meier's Civilization IV Warlords,purchase,1.0
29302014,Grand Theft Auto San Andreas,purchase,1.0
29302014,Grand Theft Auto San Andreas,purchase,1.0
29302014,Grand Theft Auto Vice City,purchase,1.0
29302014,Grand Theft Auto Vice City,purchase,1.0
29302014,Grand Theft Auto III,purchase,1.0
29302014,Grand Theft Auto III,purchase,1.0
93341815,Grand Theft Auto San Andreas,purchase,1.0
93341815,Grand Theft Auto San Andreas,play,5.8
93341815,Grand Theft Auto San Andreas,purchase,1.0
168881981,Grand Theft Auto San Andreas,purchase,1.0
168881981,Grand Theft Auto San Andreas,play,2.0
168881981,Grand Theft Auto San Andreas,purchase,1.0
111442295,Grand Theft Auto Vice City,purchase,1.0
111442295,Grand Theft Auto Vice City,play,1.9
111442295,Grand Theft Auto Vice City,purchase,1.0
86287245,Sid Meier's Civilization IV,purchase,1.0
86287245,Sid Meier's Civilization IV,purchase,1.0
86287245,Sid Meier's Civilization IV Beyond the Sword,purchase,1.0
86287245,Sid Meier's Civilization IV Beyond the Sword,purchase,1.0
86287245,Sid Meier's Civilization IV Colonization,purchase,1.0
86287245,Sid Meier's Civilization IV Colonization,purchase,1.0
86287245,Sid Meier's Civilization IV Warlords,purchase,1.0
86287245,Sid Meier's Civilization IV Warlords,purchase,1.0
101022115,Grand Theft Auto San Andreas,purchase,1.0
101022115,Grand Theft Auto San Andreas,play,53.0
101022115,Grand Theft Auto San Andreas,purchase,1.0
82352462,Grand Theft Auto San Andreas,purchase,1.0
82352462,Grand Theft Auto San Andreas,play,20.0
82352462,Grand Theft Auto III,purchase,1.0
82352462,Grand Theft Auto III,play,9.3
82352462,Grand Theft Auto San Andreas,purchase,1.0
82352462,Grand Theft Auto III,purchase,1.0
54761333,Sid Meier's Civilization IV Beyond the Sword,purchase,1.0
54761333,Sid Meier's Civilization IV Beyond the Sword,play,58.0
54761333,Sid Meier's Civilization IV,purchase,1.0
54761333,Sid Meier's Civilization IV,play,21.0
54761333,Sid Meier's Civilization IV Warlords,purchase,1.0
54761333,Sid Meier's Civilization IV Warlords,play,3.0
54761333,Arma 2,purchase,1.0
54761333,Arma 2,play,1.5
54761333,Sid Meier's Civilization IV Colonization,purchase,1.0
54761333,Sid Meier's Civilization IV Colonization,play,1.0
54761333,Sid Meier's Civilization IV,purchase,1.0
54761333,Sid Meier's Civilization IV Beyond the Sword,purchase,1.0
54761333,Sid Meier's Civilization IV Colonization,purchase,1.0
54761333,Sid Meier's Civilization IV Warlords,purchase,1.0
118852041,Arma 2,purchase,1.0
118852041,Arma 2,play,26.0
118852041,Grand Theft Auto San Andreas,purchase,1.0
118852041,Grand Theft Auto San Andreas,play,4.5
118852041,Grand Theft Auto San Andreas,purchase,1.0
118852041,TERA,purchase,1.0
101695880,Grand Theft Auto San Andreas,purchase,1.0
101695880,Grand Theft Auto San Andreas,play,8.3
101695880,Grand Theft Auto San Andreas,purchase,1.0
101695880,Grand Theft Auto Vice City,purchase,1.0
101695880,Grand Theft Auto Vice City,purchase,1.0
101695880,Grand Theft Auto III,purchase,1.0
101695880,Grand Theft Auto III,purchase,1.0
62990992,TERA,purchase,1.0
62990992,Grand Theft Auto San Andreas,purchase,1.0
62990992,Arma 2,purchase,1.0
62990992,Grand Theft Auto San Andreas,purchase,1.0
62990992,Grand Theft Auto Vice City,purchase,1.0
62990992,Grand Theft Auto Vice City,purchase,1.0
62990992,Grand Theft Auto III,purchase,1.0
62990992,Grand Theft Auto III,purchase,1.0
62990992,Sid Meier's Civilization IV,purchase,1.0
62990992,Sid Meier's Civilization IV,purchase,1.0
62990992,Sid Meier's Civilization IV Beyond the Sword,purchase,1.0
62990992,Sid Meier's Civilization IV Beyond the Sword,purchase,1.0
62990992,Sid Meier's Civilization IV Colonization,purchase,1.0
62990992,Sid Meier's Civilization IV Colonization,purchase,1.0
62990992,Sid Meier's Civilization IV Warlords,purchase,1.0
62990992,Sid Meier's Civilization IV Warlords,purchase,1.0
159077305,Grand Theft Auto San Andreas,purchase,1.0
159077305,Grand Theft Auto San Andreas,play,14.5
159077305,Arma 2,purchase,1.0
159077305,Arma 2,play,1.1
159077305,Grand Theft Auto San Andreas,purchase,1.0
65754991,Grand Theft Auto San Andreas,purchase,1.0
65754991,Grand Theft Auto San Andreas,purchase,1.0
65754991,Grand Theft Auto Vice City,purchase,1.0
65754991,Grand Theft Auto Vice City,purchase,1.0
65754991,Grand Theft Auto III,purchase,1.0
65754991,Grand Theft Auto III,purchase,1.0
44321815,Grand Theft Auto San Andreas,purchase,1.0
44321815,Grand Theft Auto San Andreas,play,4.4
44321815,Grand Theft Auto San Andreas,purchase,1.0
36557643,Arma 2,purchase,1.0
36557643,Grand Theft Auto San Andreas,purchase,1.0
36557643,Grand Theft Auto San Andreas,purchase,1.0
36557643,Grand Theft Auto Vice City,purchase,1.0
36557643,Grand Theft Auto Vice City,purchase,1.0
36557643,Grand Theft Auto III,purchase,1.0
36557643,Grand Theft Auto III,purchase,1.0
46028967,Arma 2,purchase,1.0
46028967,Arma 2,play,0.6
46028967,Grand Theft Auto San Andreas,purchase,1.0
46028967,Grand Theft Auto San Andreas,purchase,1.0
46028967,Grand Theft Auto Vice City,purchase,1.0
46028967,Grand Theft Auto Vice City,purchase,1.0
46028967,Grand Theft Auto III,purchase,1.0
46028967,Grand Theft Auto III,purchase,1.0
46028967,Sid Meier's Civilization IV,purchase,1.0
46028967,Sid Meier's Civilization IV,purchase,1.0
46028967,Sid Meier's Civilization IV Beyond the Sword,purchase,1.0
46028967,Sid Meier's Civilization IV Beyond the Sword,purchase,1.0
46028967,Sid Meier's Civilization IV Colonization,purchase,1.0
46028967,Sid Meier's Civilization IV Colonization,purchase,1.0
46028967,Sid Meier's Civilization IV Warlords,purchase,1.0
46028967,Sid Meier's Civilization IV Warlords,purchase,1.0
90711776,Grand Theft Auto San Andreas,purchase,1.0
90711776,Grand Theft Auto San Andreas,purchase,1.0
90711776,Grand Theft Auto Vice City,purchase,1.0
90711776,Grand Theft Auto Vice City,purchase,1.0
90711776,Grand Theft Auto III,purchase,1.0
90711776,Grand Theft Auto III,purchase,1.0
166048025,Sid Meier's Civilization IV,purchase,1.0
166048025,Sid Meier's Civilization IV,play,3.0
166048025,Sid Meier's Civilization IV,purchase,1.0
166048025,Sid Meier's Civilization IV Beyond the Sword,purchase,1.0
166048025,Sid Meier's Civilization IV Beyond the Sword,purchase,1.0
166048025,Sid Meier's Civilization IV Colonization,purchase,1.0
166048025,Sid Meier's Civilization IV Colonization,purchase,1.0
166048025,Sid Meier's Civilization IV Warlords,purchase,1.0
166048025,Sid Meier's Civilization IV Warlords,purchase,1.0
115167911,Grand Theft Auto San Andreas,purchase,1.0
115167911,Grand Theft Auto San Andreas,play,0.8
115167911,Grand Theft Auto San Andreas,purchase,1.0
29753085,Grand Theft Auto San Andreas,purchase,1.0
29753085,Grand Theft Auto San Andreas,purchase,1.0
29753085,Grand Theft Auto Vice City,purchase,1.0
29753085,Grand Theft Auto Vice City,purchase,1.0
29753085,Grand Theft Auto III,purchase,1.0
29753085,Grand Theft Auto III,purchase,1.0
88579585,Sid Meier's Civilization IV,purchase,1.0
88579585,Sid Meier's Civilization IV,purchase,1.0
88579585,Sid Meier's Civilization IV Beyond the Sword,purchase,1.0
88579585,Sid Meier's Civilization IV Beyond the Sword,purchase,1.0
88579585,Sid Meier's Civilization IV Colonization,purchase,1.0
88579585,Sid Meier's Civilization IV Colonization,purchase,1.0
88579585,Sid Meier's Civilization IV Warlords,purchase,1.0
88579585,Sid Meier's Civilization IV Warlords,purchase,1.0
14962163,Grand Theft Auto San Andreas,purchase,1.0
14962163,Grand Theft Auto San Andreas,play,0.5
14962163,Grand Theft Auto San Andreas,purchase,1.0
14962163,Grand Theft Auto Vice City,purchase,1.0
14962163,Grand Theft Auto Vice City,purchase,1.0
14962163,Grand Theft Auto III,purchase,1.0
14962163,Grand Theft Auto III,purchase,1.0
110470534,Grand Theft Auto San Andreas,purchase,1.0
110470534,Grand Theft Auto San Andreas,play,67.0
110470534,Grand Theft Auto Vice City,purchase,1.0
110470534,Grand Theft Auto Vice City,play,61.0
110470534,Grand Theft Auto San Andreas,purchase,1.0
110470534,Grand Theft Auto Vice City,purchase,1.0
165755355,Sid Meier's Civilization IV,purchase,1.0
165755355,Sid Meier's Civilization IV,play,8.9
165755355,TERA,purchase,1.0
165755355,TERA,play,5.6
165755355,Arma 2,purchase,1.0
165755355,Arma 2,play,0.7
165755355,Sid Meier's Civilization IV,purchase,1.0
127426141,Grand Theft Auto III,purchase,1.0
127426141,Grand Theft Auto III,play,1.7
127426141,Grand Theft Auto Vice City,purchase,1.0
127426141,Grand Theft Auto Vice City,play,0.7
127426141,Grand Theft Auto San Andreas,purchase,1.0
127426141,Grand Theft Auto San Andreas,purchase,1.0
127426141,Grand Theft Auto Vice City,purchase,1.0
127426141,Grand Theft Auto III,purchase,1.0
160288335,Grand Theft Auto San Andreas,purchase,1.0
160288335,Grand Theft Auto San Andreas,purchase,1.0
160288335,Grand Theft Auto Vice City,purchase,1.0
160288335,Grand Theft Auto Vice City,purchase,1.0
160288335,Grand Theft Auto III,purchase,1.0
160288335,Grand Theft Auto III,purchase,1.0
107476377,Sid Meier's Civilization IV Beyond the Sword,purchase,1.0
107476377,Sid Meier's Civilization IV Beyond the Sword,play,1064.0
107476377,Sid Meier's Civilization IV Warlords,purchase,1.0
107476377,Sid Meier's Civilization IV Warlords,play,10.0
107476377,Sid Meier's Civilization IV Colonization,purchase,1.0
107476377,Sid Meier's Civilization IV Colonization,play,0.2
107476377,Sid Meier's Civilization IV,purchase,1.0
107476377,Sid Meier's Civilization IV,purchase,1.0
107476377,Sid Meier's Civilization IV Beyond the Sword,purchase,1.0
107476377,Sid Meier's Civilization IV Colonization,purchase,1.0
107476377,Sid Meier's Civilization IV Warlords,purchase,1.0
114727578,Grand Theft Auto San Andreas,purchase,1.0
114727578,Grand Theft Auto San Andreas,purchase,1.0
114727578,Grand Theft Auto Vice City,purchase,1.0
114727578,Grand Theft Auto Vice City,purchase,1.0
114727578,Grand Theft Auto III,purchase,1.0
114727578,Grand Theft Auto III,purchase,1.0
155919035,Grand Theft Auto San Andreas,purchase,1.0
155919035,Grand Theft Auto San Andreas,play,13.6
155919035,Grand Theft Auto III,purchase,1.0
155919035,Grand Theft Auto III,play,2.1
155919035,Grand Theft Auto Vice City,purchase,1.0
155919035,Grand Theft Auto Vice City,play,2.1
155919035,Grand Theft Auto San Andreas,purchase,1.0
155919035,Grand Theft Auto Vice City,purchase,1.0
155919035,Grand Theft Auto III,purchase,1.0
71449134,Sid Meier's Civilization IV,purchase,1.0
71449134,Sid Meier's Civilization IV,play,1.5
71449134,Sid Meier's Civilization IV,purchase,1.0
156818121,Sid Meier's Civilization IV,purchase,1.0
156818121,Sid Meier's Civilization IV,play,17.0
156818121,Sid Meier's Civilization IV,purchase,1.0
156818121,Sid Meier's Civilization IV Beyond the Sword,purchase,1.0
156818121,Sid Meier's Civilization IV Beyond the Sword,purchase,1.0
156818121,Sid Meier's Civilization IV Colonization,purchase,1.0
156818121,Sid Meier's Civilization IV Colonization,purchase,1.0
156818121,Sid Meier's Civilization IV Warlords,purchase,1.0
156818121,Sid Meier's Civilization IV Warlords,purchase,1.0
159458198,Grand Theft Auto San Andreas,purchase,1.0
159458198,Grand Theft Auto San Andreas,play,3.6
159458198,Grand Theft Auto San Andreas,purchase,1.0
2753525,TERA,purchase,1.0
2753525,TERA,play,14.0
2753525,Grand Theft Auto San Andreas,purchase,1.0
2753525,Grand Theft Auto San Andreas,purchase,1.0
2753525,Grand Theft Auto Vice City,purchase,1.0
2753525,Grand Theft Auto Vice City,purchase,1.0
2753525,Grand Theft Auto III,purchase,1.0
2753525,Grand Theft Auto III,purchase,1.0
129391396,Grand Theft Auto San Andreas,purchase,1.0
129391396,Grand Theft Auto San Andreas,play,0.3
129391396,Grand Theft Auto San Andreas,purchase,1.0
130460859,Sid Meier's Civilization IV,purchase,1.0
130460859,Sid Meier's Civilization IV,purchase,1.0
130460859,Sid Meier's Civilization IV Beyond the Sword,purchase,1.0
130460859,Sid Meier's Civilization IV Beyond the Sword,purchase,1.0
130460859,Sid Meier's Civilization IV Colonization,purchase,1.0
130460859,Sid Meier's Civilization IV Colonization,purchase,1.0
130460859,Sid Meier's Civilization IV Warlords,purchase,1.0
130460859,Sid Meier's Civilization IV Warlords,purchase,1.0
73721802,Sid Meier's Civilization IV,purchase,1.0
73721802,Sid Meier's Civilization IV,play,12.8
73721802,Sid Meier's Civilization IV,purchase,1.0
561758,Sid Meier's Civilization IV,purchase,1.0
561758,Sid Meier's Civilization IV,purchase,1.0
561758,Sid Meier's Civilization IV Beyond the Sword,purchase,1.0
561758,Sid Meier's Civilization IV Beyond the Sword,purchase,1.0
561758,Sid Meier's Civilization IV Colonization,purchase,1.0
561758,Sid Meier's Civilization IV Colonization,purchase,1.0
561758,Sid Meier's Civilization IV Warlords,purchase,1.0
561758,Sid Meier's Civilization IV Warlords,purchase,1.0
127072755,Grand Theft Auto San Andreas,purchase,1.0
127072755,Grand Theft Auto San Andreas,play,2.7
127072755,Arma 2,purchase,1.0
127072755,Grand Theft Auto San Andreas,purchase,1.0
50797633,Grand Theft Auto San Andreas,purchase,1.0
50797633,Grand Theft Auto San Andreas,purchase,1.0
50797633,Grand Theft Auto Vice City,purchase,1.0
50797633,Grand Theft Auto Vice City,purchase,1.0
50797633,Grand Theft Auto III,purchase,1.0
50797633,Grand Theft Auto III,purchase,1.0
116876958,Grand Theft Auto Vice City,purchase,1.0
116876958,Grand Theft Auto Vice City,play,6.2
116876958,Grand Theft Auto III,purchase,1.0
116876958,Grand Theft Auto III,play,1.6
116876958,Arma 2,purchase,1.0
116876958,Grand Theft Auto San Andreas,purchase,1.0
116876958,Grand Theft Auto San Andreas,purchase,1.0
116876958,Grand Theft Auto Vice City,purchase,1.0
116876958,Grand Theft Auto III,purchase,1.0
116876958,Sid Meier's Civilization IV,purchase,1.0
116876958,Sid Meier's Civilization IV,purchase,1.0
116876958,Sid Meier's Civilization IV Beyond the Sword,purchase,1.0
116876958,Sid Meier's Civilization IV Beyond the Sword,purchase,1.0
116876958,Sid Meier's Civilization IV Colonization,purchase,1.0
116876958,Sid Meier's Civilization IV Colonization,purchase,1.0
116876958,Sid Meier's Civilization IV Warlords,purchase,1.0
116876958,Sid Meier's Civilization IV Warlords,purchase,1.0
103624897,Grand Theft Auto San Andreas,purchase,1.0
103624897,Grand Theft Auto San Andreas,play,1.9
103624897,Grand Theft Auto San Andreas,purchase,1.0
187463594,Grand Theft Auto San Andreas,purchase,1.0
187463594,Grand Theft Auto San Andreas,play,0.5
187463594,Grand Theft Auto San Andreas,purchase,1.0
187463594,Grand Theft Auto Vice City,purchase,1.0
187463594,Grand Theft Auto Vice City,purchase,1.0
187463594,Grand Theft Auto III,purchase,1.0
187463594,Grand Theft Auto III,purchase,1.0
187463594,Sid Meier's Civilization IV,purchase,1.0
187463594,Sid Meier's Civilization IV,purchase,1.0
187463594,Sid Meier's Civilization IV Beyond the Sword,purchase,1.0
187463594,Sid Meier's Civilization IV Beyond the Sword,purchase,1.0
187463594,Sid Meier's Civilization IV Colonization,purchase,1.0
187463594,Sid Meier's Civilization IV Colonization,purchase,1.0
187463594,Sid Meier's Civilization IV Warlords,purchase,1.0
187463594,Sid Meier's Civilization IV Warlords,purchase,1.0
8259307,Grand Theft Auto Vice City,purchase,1.0
8259307,Grand Theft Auto Vice City,play,5.3
8259307,Grand Theft Auto San Andreas,purchase,1.0
8259307,Grand Theft Auto San Andreas,play,0.4
8259307,Grand Theft Auto III,purchase,1.0
8259307,Grand Theft Auto III,play,0.2
8259307,Grand Theft Auto San Andreas,purchase,1.0
8259307,Grand Theft Auto Vice City,purchase,1.0
8259307,Grand Theft Auto III,purchase,1.0
12144171,Grand Theft Auto San Andreas,purchase,1.0
12144171,Grand Theft Auto San Andreas,purchase,1.0
12144171,Grand Theft Auto Vice City,purchase,1.0
12144171,Grand Theft Auto Vice City,purchase,1.0
12144171,Grand Theft Auto III,purchase,1.0
12144171,Grand Theft Auto III,purchase,1.0
11970504,Arma 2,purchase,1.0
11970504,Grand Theft Auto Vice City,purchase,1.0
11970504,Grand Theft Auto Vice City,purchase,1.0
111551727,Grand Theft Auto San Andreas,purchase,1.0
111551727,Grand Theft Auto San Andreas,play,28.0
111551727,Grand Theft Auto III,purchase,1.0
111551727,Grand Theft Auto III,play,10.1
111551727,Grand Theft Auto San Andreas,purchase,1.0
111551727,Grand Theft Auto Vice City,purchase,1.0
111551727,Grand Theft Auto Vice City,purchase,1.0
111551727,Grand Theft Auto III,purchase,1.0
65145468,Sid Meier's Civilization IV Beyond the Sword,purchase,1.0
65145468,Sid Meier's Civilization IV Beyond the Sword,play,3.4
65145468,Sid Meier's Civilization IV,purchase,1.0
65145468,Sid Meier's Civilization IV,purchase,1.0
65145468,Sid Meier's Civilization IV Beyond the Sword,purchase,1.0
65145468,Sid Meier's Civilization IV Colonization,purchase,1.0
65145468,Sid Meier's Civilization IV Colonization,purchase,1.0
65145468,Sid Meier's Civilization IV Warlords,purchase,1.0
65145468,Sid Meier's Civilization IV Warlords,purchase,1.0
86481908,Grand Theft Auto San Andreas,purchase,1.0
86481908,Grand Theft Auto San Andreas,play,9.0
86481908,Grand Theft Auto Vice City,purchase,1.0
86481908,Grand Theft Auto Vice City,play,2.2
86481908,Grand Theft Auto III,purchase,1.0
86481908,Grand Theft Auto III,play,0.3
86481908,Arma 2,purchase,1.0
86481908,Grand Theft Auto San Andreas,purchase,1.0
86481908,Grand Theft Auto Vice City,purchase,1.0
86481908,Grand Theft Auto III,purchase,1.0
202427012,Grand Theft Auto San Andreas,purchase,1.0
202427012,Grand Theft Auto San Andreas,play,0.8
202427012,Grand Theft Auto San Andreas,purchase,1.0
132300630,Arma 2,purchase,1.0
132300630,Arma 2,play,19.0
132300630,Grand Theft Auto San Andreas,purchase,1.0
132300630,Grand Theft Auto San Andreas,purchase,1.0
72613527,Grand Theft Auto San Andreas,purchase,1.0
72613527,Grand Theft Auto San Andreas,play,1.6
72613527,Grand Theft Auto San Andreas,purchase,1.0
10253354,Crysis 2,purchase,1.0
10253354,Crysis 2,play,33.0
10253354,Grand Theft Auto San Andreas,purchase,1.0
10253354,Grand Theft Auto San Andreas,play,0.7
10253354,Arma 2,purchase,1.0
10253354,Crysis 2,purchase,1.0
10253354,Grand Theft Auto San Andreas,purchase,1.0
10253354,Grand Theft Auto Vice City,purchase,1.0
10253354,Grand Theft Auto Vice City,purchase,1.0
10253354,Grand Theft Auto III,purchase,1.0
10253354,Grand Theft Auto III,purchase,1.0
95037089,Grand Theft Auto Vice City,purchase,1.0
95037089,Grand Theft Auto Vice City,play,1.9
95037089,Grand Theft Auto Vice City,purchase,1.0
30519870,Grand Theft Auto Vice City,purchase,1.0
30519870,Grand Theft Auto Vice City,play,6.2
30519870,Grand Theft Auto San Andreas,purchase,1.0
30519870,Grand Theft Auto San Andreas,play,2.6
30519870,Grand Theft Auto San Andreas,purchase,1.0
30519870,Grand Theft Auto Vice City,purchase,1.0
19668647,Sid Meier's Civilization IV,purchase,1.0
19668647,Sid Meier's Civilization IV,play,2.6
19668647,Sid Meier's Civilization IV,purchase,1.0
81439192,Arma 2,purchase,1.0
81439192,Grand Theft Auto San Andreas,purchase,1.0
81439192,Grand Theft Auto San Andreas,purchase,1.0
81439192,Grand Theft Auto Vice City,purchase,1.0
81439192,Grand Theft Auto Vice City,purchase,1.0
81439192,Grand Theft Auto III,purchase,1.0
81439192,Grand Theft Auto III,purchase,1.0
75155353,Sid Meier's Civilization IV,purchase,1.0
75155353,Sid Meier's Civilization IV,purchase,1.0
75155353,Sid Meier's Civilization IV Beyond the Sword,purchase,1.0
75155353,Sid Meier's Civilization IV Beyond the Sword,purchase,1.0
75155353,Sid Meier's Civilization IV Colonization,purchase,1.0
75155353,Sid Meier's Civilization IV Colonization,purchase,1.0
75155353,Sid Meier's Civilization IV Warlords,purchase,1.0
75155353,Sid Meier's Civilization IV Warlords,purchase,1.0
32126281,Grand Theft Auto San Andreas,purchase,1.0
32126281,Grand Theft Auto San Andreas,play,38.0
32126281,Grand Theft Auto Vice City,purchase,1.0
32126281,Grand Theft Auto Vice City,play,0.4
32126281,Arma 2,purchase,1.0
32126281,Grand Theft Auto San Andreas,purchase,1.0
32126281,Grand Theft Auto Vice City,purchase,1.0
32126281,Grand Theft Auto III,purchase,1.0
32126281,Grand Theft Auto III,purchase,1.0
27169419,Sid Meier's Civilization IV Beyond the Sword,purchase,1.0
27169419,Sid Meier's Civilization IV Beyond the Sword,play,0.6
27169419,Sid Meier's Civilization IV,purchase,1.0
27169419,Sid Meier's Civilization IV,play,0.5
27169419,Sid Meier's Civilization IV,purchase,1.0
27169419,Sid Meier's Civilization IV Beyond the Sword,purchase,1.0
27169419,Sid Meier's Civilization IV Colonization,purchase,1.0
27169419,Sid Meier's Civilization IV Colonization,purchase,1.0
27169419,Sid Meier's Civilization IV Warlords,purchase,1.0
27169419,Sid Meier's Civilization IV Warlords,purchase,1.0
96556535,Grand Theft Auto San Andreas,purchase,1.0
96556535,Grand Theft Auto San Andreas,purchase,1.0
113268833,Grand Theft Auto San Andreas,purchase,1.0
113268833,Grand Theft Auto San Andreas,purchase,1.0
54310644,Grand Theft Auto San Andreas,purchase,1.0
54310644,Grand Theft Auto San Andreas,purchase,1.0
54310644,Grand Theft Auto Vice City,purchase,1.0
54310644,Grand Theft Auto Vice City,purchase,1.0
54310644,Grand Theft Auto III,purchase,1.0
54310644,Grand Theft Auto III,purchase,1.0
54310644,Sid Meier's Civilization IV,purchase,1.0
54310644,Sid Meier's Civilization IV,purchase,1.0
94670160,Grand Theft Auto San Andreas,purchase,1.0
94670160,Grand Theft Auto San Andreas,play,17.0
94670160,Grand Theft Auto San Andreas,purchase,1.0
118971362,Grand Theft Auto San Andreas,purchase,1.0
118971362,Grand Theft Auto San Andreas,play,1.1
118971362,Grand Theft Auto San Andreas,purchase,1.0
118971362,Grand Theft Auto Vice City,purchase,1.0
118971362,Grand Theft Auto Vice City,purchase,1.0
118971362,Grand Theft Auto III,purchase,1.0
118971362,Grand Theft Auto III,purchase,1.0
177054406,Grand Theft Auto San Andreas,purchase,1.0
177054406,Grand Theft Auto San Andreas,play,5.2
177054406,Grand Theft Auto San Andreas,purchase,1.0
101878879,Sid Meier's Civilization IV Beyond the Sword,purchase,1.0
101878879,Sid Meier's Civilization IV Beyond the Sword,play,199.0
101878879,Sid Meier's Civilization IV,purchase,1.0
101878879,Sid Meier's Civilization IV,play,57.0
101878879,Sid Meier's Civilization IV Warlords,purchase,1.0
101878879,Sid Meier's Civilization IV Warlords,play,3.4
101878879,Sid Meier's Civilization IV Colonization,purchase,1.0
101878879,Sid Meier's Civilization IV Colonization,play,0.1
101878879,Sid Meier's Civilization IV,purchase,1.0
101878879,Sid Meier's Civilization IV Beyond the Sword,purchase,1.0
101878879,Sid Meier's Civilization IV Colonization,purchase,1.0
101878879,Sid Meier's Civilization IV Warlords,purchase,1.0
172518437,Grand Theft Auto Vice City,purchase,1.0
172518437,Grand Theft Auto Vice City,play,2.4
172518437,Grand Theft Auto San Andreas,purchase,1.0
172518437,Grand Theft Auto San Andreas,play,1.2
172518437,Arma 2,purchase,1.0
172518437,Arma 2,play,0.2
172518437,Grand Theft Auto San Andreas,purchase,1.0
172518437,Grand Theft Auto Vice City,purchase,1.0
14465359,Arma 2,purchase,1.0
14465359,Arma 2,play,12.8
14465359,Grand Theft Auto San Andreas,purchase,1.0
14465359,Grand Theft Auto San Andreas,purchase,1.0
14465359,Grand Theft Auto Vice City,purchase,1.0
14465359,Grand Theft Auto Vice City,purchase,1.0
14465359,Grand Theft Auto III,purchase,1.0
14465359,Grand Theft Auto III,purchase,1.0
14465359,Sid Meier's Civilization IV,purchase,1.0
14465359,Sid Meier's Civilization IV,purchase,1.0
87694960,Arma 2,purchase,1.0
87694960,Sid Meier's Civilization IV,purchase,1.0
87694960,Sid Meier's Civilization IV,purchase,1.0
87694960,Sid Meier's Civilization IV Beyond the Sword,purchase,1.0
87694960,Sid Meier's Civilization IV Beyond the Sword,purchase,1.0
87694960,Sid Meier's Civilization IV Colonization,purchase,1.0
87694960,Sid Meier's Civilization IV Colonization,purchase,1.0
87694960,Sid Meier's Civilization IV Warlords,purchase,1.0
87694960,Sid Meier's Civilization IV Warlords,purchase,1.0
161623464,Sid Meier's Civilization IV,purchase,1.0
161623464,Sid Meier's Civilization IV,play,21.0
161623464,Arma 2,purchase,1.0
161623464,Arma 2,play,1.3
161623464,Sid Meier's Civilization IV,purchase,1.0
67579257,Crysis 2,purchase,1.0
67579257,Crysis 2,play,37.0
67579257,TERA,purchase,1.0
67579257,TERA,play,0.4
67579257,Grand Theft Auto San Andreas,purchase,1.0
67579257,Arma 2,purchase,1.0
67579257,Crysis 2,purchase,1.0
67579257,Grand Theft Auto San Andreas,purchase,1.0
59825286,Arma 2,purchase,1.0
59825286,Arma 2,purchase,1.0
78309377,Arma 2,purchase,1.0
78309377,Arma 2,play,1.6
78309377,Grand Theft Auto San Andreas,purchase,1.0
78309377,Grand Theft Auto San Andreas,purchase,1.0
44010163,Grand Theft Auto III,purchase,1.0
44010163,Grand Theft Auto III,play,15.2
44010163,Grand Theft Auto San Andreas,purchase,1.0
44010163,Grand Theft Auto Vice City,purchase,1.0
44010163,Grand Theft Auto Vice City,purchase,1.0
44010163,Grand Theft Auto III,purchase,1.0
158974308,Grand Theft Auto San Andreas,purchase,1.0
158974308,Grand Theft Auto San Andreas,play,29.0
158974308,Grand Theft Auto San Andreas,purchase,1.0
81170946,Grand Theft Auto III,purchase,1.0
81170946,Grand Theft Auto III,play,10.1
81170946,Grand Theft Auto Vice City,purchase,1.0
81170946,Grand Theft Auto Vice City,play,5.1
81170946,Arma 2,purchase,1.0
81170946,Arma 2,play,0.5
81170946,Grand Theft Auto San Andreas,purchase,1.0
81170946,Grand Theft Auto San Andreas,play,0.4
81170946,Grand Theft Auto San Andreas,purchase,1.0
81170946,Grand Theft Auto Vice City,purchase,1.0
81170946,Grand Theft Auto III,purchase,1.0
18149166,Sid Meier's Civilization IV Beyond the Sword,purchase,1.0
18149166,Sid Meier's Civilization IV Beyond the Sword,play,42.0
18149166,Sid Meier's Civilization IV Colonization,purchase,1.0
18149166,Sid Meier's Civilization IV Colonization,play,5.4
18149166,Sid Meier's Civilization IV,purchase,1.0
18149166,Sid Meier's Civilization IV,play,0.8
18149166,Sid Meier's Civilization IV,purchase,1.0
18149166,Sid Meier's Civilization IV Beyond the Sword,purchase,1.0
18149166,Sid Meier's Civilization IV Colonization,purchase,1.0
18149166,Sid Meier's Civilization IV Warlords,purchase,1.0
18149166,Sid Meier's Civilization IV Warlords,purchase,1.0
195607832,Sid Meier's Civilization IV Beyond the Sword,purchase,1.0
195607832,Sid Meier's Civilization IV Beyond the Sword,play,208.0
195607832,Sid Meier's Civilization IV Colonization,purchase,1.0
195607832,Sid Meier's Civilization IV Colonization,play,3.8
195607832,Sid Meier's Civilization IV Warlords,purchase,1.0
195607832,Sid Meier's Civilization IV Warlords,play,0.9
195607832,Sid Meier's Civilization IV,purchase,1.0
195607832,Sid Meier's Civilization IV,purchase,1.0
195607832,Sid Meier's Civilization IV Beyond the Sword,purchase,1.0
195607832,Sid Meier's Civilization IV Colonization,purchase,1.0
195607832,Sid Meier's Civilization IV Warlords,purchase,1.0
93212858,Sid Meier's Civilization IV,purchase,1.0
93212858,Sid Meier's Civilization IV,purchase,1.0
59925638,Crysis 2,purchase,1.0
59925638,Crysis 2,play,61.0
59925638,Tom Clancy's H.A.W.X. 2,purchase,1.0
59925638,Tom Clancy's H.A.W.X. 2,play,7.1
59925638,Tom Clancy's H.A.W.X. 2,purchase,1.0
59925638,Tom Clancy's H.A.W.X. 2,play,0.3
59925638,Crysis 2,purchase,1.0
133680143,Sid Meier's Civilization IV,purchase,1.0
133680143,Sid Meier's Civilization IV,play,43.0
133680143,Sid Meier's Civilization IV,purchase,1.0
58905429,Arma 2,purchase,1.0
58905429,Arma 2,play,0.2
58905429,Sid Meier's Civilization IV,purchase,1.0
58905429,Sid Meier's Civilization IV,purchase,1.0
58905429,Sid Meier's Civilization IV Beyond the Sword,purchase,1.0
58905429,Sid Meier's Civilization IV Beyond the Sword,purchase,1.0
58905429,Sid Meier's Civilization IV Colonization,purchase,1.0
58905429,Sid Meier's Civilization IV Colonization,purchase,1.0
58905429,Sid Meier's Civilization IV Warlords,purchase,1.0
58905429,Sid Meier's Civilization IV Warlords,purchase,1.0
51822361,Sid Meier's Civilization IV,purchase,1.0
51822361,Sid Meier's Civilization IV,purchase,1.0
51822361,Sid Meier's Civilization IV Beyond the Sword,purchase,1.0
51822361,Sid Meier's Civilization IV Beyond the Sword,purchase,1.0
51822361,Sid Meier's Civilization IV Colonization,purchase,1.0
51822361,Sid Meier's Civilization IV Colonization,purchase,1.0
51822361,Sid Meier's Civilization IV Warlords,purchase,1.0
51822361,Sid Meier's Civilization IV Warlords,purchase,1.0
26762388,Grand Theft Auto San Andreas,purchase,1.0
26762388,Grand Theft Auto San Andreas,play,135.0
26762388,Sid Meier's Civilization IV,purchase,1.0
26762388,Sid Meier's Civilization IV,play,76.0
26762388,Sid Meier's Civilization IV Warlords,purchase,1.0
26762388,Sid Meier's Civilization IV Warlords,play,6.4
26762388,Sid Meier's Civilization IV Colonization,purchase,1.0
26762388,Sid Meier's Civilization IV Colonization,play,1.0
26762388,Arma 2,purchase,1.0
26762388,Grand Theft Auto San Andreas,purchase,1.0
26762388,Sid Meier's Civilization IV,purchase,1.0
26762388,Sid Meier's Civilization IV Beyond the Sword,purchase,1.0
26762388,Sid Meier's Civilization IV Beyond the Sword,purchase,1.0
26762388,Sid Meier's Civilization IV Colonization,purchase,1.0
26762388,Sid Meier's Civilization IV Warlords,purchase,1.0
119239620,Grand Theft Auto San Andreas,purchase,1.0
119239620,Grand Theft Auto San Andreas,play,3.2
119239620,Grand Theft Auto Vice City,purchase,1.0
119239620,Grand Theft Auto Vice City,play,1.4
119239620,Grand Theft Auto San Andreas,purchase,1.0
119239620,Grand Theft Auto Vice City,purchase,1.0
148362155,Grand Theft Auto San Andreas,purchase,1.0
148362155,Grand Theft Auto San Andreas,play,13.8
148362155,Grand Theft Auto San Andreas,purchase,1.0
148362155,Grand Theft Auto San Andreas,play,12.5
148362155,Arma 2,purchase,1.0
148362155,Arma 2,play,0.7
126191291,Grand Theft Auto III,purchase,1.0
126191291,Grand Theft Auto III,play,5.4
126191291,Grand Theft Auto Vice City,purchase,1.0
126191291,Grand Theft Auto San Andreas,purchase,1.0
126191291,Grand Theft Auto III,purchase,1.0
126191291,Grand Theft Auto Vice City,purchase,1.0
126191291,Arma 2,purchase,1.0
126191291,Grand Theft Auto San Andreas,purchase,1.0
69954842,Sid Meier's Civilization IV Warlords,purchase,1.0
69954842,Sid Meier's Civilization IV Warlords,play,1.3
69954842,Sid Meier's Civilization IV,purchase,1.0
69954842,Sid Meier's Civilization IV Beyond the Sword,purchase,1.0
69954842,Sid Meier's Civilization IV Colonization,purchase,1.0
69954842,Sid Meier's Civilization IV,purchase,1.0
69954842,Sid Meier's Civilization IV Beyond the Sword,purchase,1.0
69954842,Sid Meier's Civilization IV Colonization,purchase,1.0
69954842,Sid Meier's Civilization IV Warlords,purchase,1.0
75134679,Grand Theft Auto III,purchase,1.0
75134679,Grand Theft Auto III,play,17.3
75134679,Grand Theft Auto Vice City,purchase,1.0
75134679,Grand Theft Auto Vice City,play,3.4
75134679,Grand Theft Auto San Andreas,purchase,1.0
75134679,Grand Theft Auto San Andreas,play,0.6
75134679,Grand Theft Auto San Andreas,purchase,1.0
75134679,Grand Theft Auto Vice City,purchase,1.0
75134679,Grand Theft Auto III,purchase,1.0
77980915,Grand Theft Auto San Andreas,purchase,1.0
77980915,Grand Theft Auto San Andreas,play,0.1
77980915,Grand Theft Auto San Andreas,purchase,1.0
77980915,Grand Theft Auto Vice City,purchase,1.0
77980915,Grand Theft Auto Vice City,purchase,1.0
77980915,Grand Theft Auto III,purchase,1.0
77980915,Grand Theft Auto III,purchase,1.0
99157622,Sid Meier's Civilization IV,purchase,1.0
99157622,Sid Meier's Civilization IV,play,1.3
99157622,Sid Meier's Civilization IV,purchase,1.0
134641355,Sid Meier's Civilization IV,purchase,1.0
134641355,Sid Meier's Civilization IV,purchase,1.0
134641355,Sid Meier's Civilization IV Beyond the Sword,purchase,1.0
134641355,Sid Meier's Civilization IV Beyond the Sword,purchase,1.0
134641355,Sid Meier's Civilization IV Colonization,purchase,1.0
134641355,Sid Meier's Civilization IV Colonization,purchase,1.0
134641355,Sid Meier's Civilization IV Warlords,purchase,1.0
134641355,Sid Meier's Civilization IV Warlords,purchase,1.0
77214425,Arma 2,purchase,1.0
77214425,Arma 2,play,7.5
77214425,Grand Theft Auto III,purchase,1.0
77214425,Grand Theft Auto III,play,0.7
77214425,Grand Theft Auto Vice City,purchase,1.0
77214425,Grand Theft Auto Vice City,play,0.4
77214425,Grand Theft Auto San Andreas,purchase,1.0
77214425,Grand Theft Auto San Andreas,purchase,1.0
77214425,Grand Theft Auto Vice City,purchase,1.0
77214425,Grand Theft Auto III,purchase,1.0
94299484,Sid Meier's Civilization IV,purchase,1.0
94299484,Sid Meier's Civilization IV,purchase,1.0
100894366,Sid Meier's Civilization IV,purchase,1.0
100894366,Sid Meier's Civilization IV,purchase,1.0
100894366,Sid Meier's Civilization IV Beyond the Sword,purchase,1.0
100894366,Sid Meier's Civilization IV Beyond the Sword,purchase,1.0
100894366,Sid Meier's Civilization IV Colonization,purchase,1.0
100894366,Sid Meier's Civilization IV Colonization,purchase,1.0
100894366,Sid Meier's Civilization IV Warlords,purchase,1.0
100894366,Sid Meier's Civilization IV Warlords,purchase,1.0
24632218,Grand Theft Auto San Andreas,purchase,1.0
24632218,Grand Theft Auto San Andreas,purchase,1.0
58345543,TERA,purchase,1.0
58345543,TERA,purchase,1.0
124443679,Grand Theft Auto San Andreas,purchase,1.0
124443679,Grand Theft Auto San Andreas,play,1.0
124443679,Grand Theft Auto Vice City,purchase,1.0
124443679,Grand Theft Auto Vice City,play,0.2
124443679,Grand Theft Auto San Andreas,purchase,1.0
124443679,Grand Theft Auto Vice City,purchase,1.0
140820563,Sid Meier's Civilization IV,purchase,1.0
140820563,Sid Meier's Civilization IV,play,6.9
140820563,Sid Meier's Civilization IV,purchase,1.0
140820563,Sid Meier's Civilization IV Beyond the Sword,purchase,1.0
140820563,Sid Meier's Civilization IV Beyond the Sword,purchase,1.0
140820563,Sid Meier's Civilization IV Colonization,purchase,1.0
140820563,Sid Meier's Civilization IV Colonization,purchase,1.0
140820563,Sid Meier's Civilization IV Warlords,purchase,1.0
140820563,Sid Meier's Civilization IV Warlords,purchase,1.0
35864169,Grand Theft Auto San Andreas,purchase,1.0
35864169,Grand Theft Auto San Andreas,play,0.9
35864169,Grand Theft Auto III,purchase,1.0
35864169,Grand Theft Auto III,play,0.5
35864169,Grand Theft Auto Vice City,purchase,1.0
35864169,Grand Theft Auto Vice City,play,0.3
35864169,Grand Theft Auto San Andreas,purchase,1.0
35864169,Grand Theft Auto Vice City,purchase,1.0
35864169,Grand Theft Auto III,purchase,1.0
156426681,Grand Theft Auto San Andreas,purchase,1.0
156426681,Grand Theft Auto San Andreas,play,0.2
156426681,Grand Theft Auto San Andreas,purchase,1.0
156426681,Grand Theft Auto Vice City,purchase,1.0
156426681,Grand Theft Auto Vice City,purchase,1.0
156426681,Grand Theft Auto III,purchase,1.0
156426681,Grand Theft Auto III,purchase,1.0
127628725,Grand Theft Auto San Andreas,purchase,1.0
127628725,Grand Theft Auto San Andreas,play,0.2
127628725,Arma 2,purchase,1.0
127628725,Grand Theft Auto San Andreas,purchase,1.0
152419713,Grand Theft Auto San Andreas,purchase,1.0
152419713,Grand Theft Auto San Andreas,purchase,1.0
152419713,Grand Theft Auto Vice City,purchase,1.0
152419713,Grand Theft Auto Vice City,purchase,1.0
152419713,Grand Theft Auto III,purchase,1.0
152419713,Grand Theft Auto III,purchase,1.0
49050405,Grand Theft Auto San Andreas,purchase,1.0
49050405,Grand Theft Auto San Andreas,purchase,1.0
49050405,Grand Theft Auto Vice City,purchase,1.0
49050405,Grand Theft Auto Vice City,purchase,1.0
49050405,Grand Theft Auto III,purchase,1.0
49050405,Grand Theft Auto III,purchase,1.0
49050405,Sid Meier's Civilization IV,purchase,1.0
49050405,Sid Meier's Civilization IV,purchase,1.0
49050405,Sid Meier's Civilization IV Beyond the Sword,purchase,1.0
49050405,Sid Meier's Civilization IV Beyond the Sword,purchase,1.0
49050405,Sid Meier's Civilization IV Colonization,purchase,1.0
49050405,Sid Meier's Civilization IV Colonization,purchase,1.0
49050405,Sid Meier's Civilization IV Warlords,purchase,1.0
49050405,Sid Meier's Civilization IV Warlords,purchase,1.0
66596291,Arma 2,purchase,1.0
66596291,Arma 2,play,12.8
66596291,Grand Theft Auto San Andreas,purchase,1.0
66596291,Grand Theft Auto San Andreas,play,0.5
66596291,Grand Theft Auto San Andreas,purchase,1.0
185075395,Sid Meier's Civilization IV,purchase,1.0
185075395,Sid Meier's Civilization IV,play,0.1
185075395,Sid Meier's Civilization IV Warlords,purchase,1.0
185075395,Sid Meier's Civilization IV Beyond the Sword,purchase,1.0
185075395,Sid Meier's Civilization IV,purchase,1.0
185075395,Sid Meier's Civilization IV Beyond the Sword,purchase,1.0
185075395,Sid Meier's Civilization IV Colonization,purchase,1.0
185075395,Sid Meier's Civilization IV Colonization,purchase,1.0
185075395,Sid Meier's Civilization IV Warlords,purchase,1.0
47457723,Sid Meier's Civilization IV Beyond the Sword,purchase,1.0
47457723,Sid Meier's Civilization IV Beyond the Sword,play,43.0
47457723,Sid Meier's Civilization IV,purchase,1.0
47457723,Sid Meier's Civilization IV,play,39.0
47457723,Arma 2,purchase,1.0
47457723,Arma 2,play,3.0
47457723,Sid Meier's Civilization IV Warlords,purchase,1.0
47457723,Sid Meier's Civilization IV Warlords,play,2.8
47457723,Sid Meier's Civilization IV,purchase,1.0
47457723,Sid Meier's Civilization IV Beyond the Sword,purchase,1.0
47457723,Sid Meier's Civilization IV Warlords,purchase,1.0
176261926,Sid Meier's Civilization IV Beyond the Sword,purchase,1.0
176261926,Sid Meier's Civilization IV Beyond the Sword,play,564.0
176261926,Sid Meier's Civilization IV,purchase,1.0
176261926,Sid Meier's Civilization IV,play,14.6
176261926,Sid Meier's Civilization IV Beyond the Sword,purchase,1.0
176261926,Sid Meier's Civilization IV Beyond the Sword,play,0.4
176261926,Sid Meier's Civilization IV,purchase,1.0
176261926,Sid Meier's Civilization IV,play,0.2
176261926,Sid Meier's Civilization IV Colonization,purchase,1.0
176261926,Sid Meier's Civilization IV Colonization,purchase,1.0
176261926,Sid Meier's Civilization IV Warlords,purchase,1.0
176261926,Sid Meier's Civilization IV Warlords,purchase,1.0
207477282,Sid Meier's Civilization IV Beyond the Sword,purchase,1.0
207477282,Sid Meier's Civilization IV,purchase,1.0
207477282,Sid Meier's Civilization IV,purchase,1.0
207477282,Sid Meier's Civilization IV Beyond the Sword,purchase,1.0
207477282,Sid Meier's Civilization IV Colonization,purchase,1.0
207477282,Sid Meier's Civilization IV Colonization,purchase,1.0
207477282,Sid Meier's Civilization IV Warlords,purchase,1.0
207477282,Sid Meier's Civilization IV Warlords,purchase,1.0
39941720,Grand Theft Auto San Andreas,purchase,1.0
39941720,Grand Theft Auto San Andreas,play,11.0
39941720,Grand Theft Auto Vice City,purchase,1.0
39941720,Grand Theft Auto Vice City,play,0.6
39941720,Grand Theft Auto San Andreas,purchase,1.0
39941720,Grand Theft Auto Vice City,purchase,1.0
212078557,Grand Theft Auto San Andreas,purchase,1.0
212078557,Grand Theft Auto San Andreas,purchase,1.0
212078557,Grand Theft Auto Vice City,purchase,1.0
212078557,Grand Theft Auto Vice City,purchase,1.0
212078557,Grand Theft Auto III,purchase,1.0
212078557,Grand Theft Auto III,purchase,1.0
67708331,Sid Meier's Civilization IV Beyond the Sword,purchase,1.0
67708331,Sid Meier's Civilization IV Beyond the Sword,play,134.0
67708331,Sid Meier's Civilization IV,purchase,1.0
67708331,Sid Meier's Civilization IV,play,0.7
67708331,Sid Meier's Civilization IV Colonization,purchase,1.0
67708331,Sid Meier's Civilization IV Colonization,play,0.6
67708331,Sid Meier's Civilization IV,purchase,1.0
67708331,Sid Meier's Civilization IV Beyond the Sword,purchase,1.0
67708331,Sid Meier's Civilization IV Colonization,purchase,1.0
67708331,Sid Meier's Civilization IV Warlords,purchase,1.0
67708331,Sid Meier's Civilization IV Warlords,purchase,1.0
162288536,Grand Theft Auto San Andreas,purchase,1.0
162288536,Grand Theft Auto San Andreas,play,10.2
162288536,Grand Theft Auto Vice City,purchase,1.0
162288536,Grand Theft Auto Vice City,play,4.2
162288536,Grand Theft Auto III,purchase,1.0
162288536,Grand Theft Auto III,play,2.6
162288536,Arma 2,purchase,1.0
162288536,Grand Theft Auto San Andreas,purchase,1.0
162288536,Grand Theft Auto Vice City,purchase,1.0
162288536,Grand Theft Auto III,purchase,1.0
123696203,Grand Theft Auto San Andreas,purchase,1.0
123696203,Grand Theft Auto San Andreas,play,0.3
123696203,Grand Theft Auto San Andreas,purchase,1.0
123696203,Grand Theft Auto Vice City,purchase,1.0
123696203,Grand Theft Auto Vice City,purchase,1.0
123696203,Grand Theft Auto III,purchase,1.0
123696203,Grand Theft Auto III,purchase,1.0
150033540,Grand Theft Auto San Andreas,purchase,1.0
150033540,Grand Theft Auto San Andreas,play,26.0
150033540,Grand Theft Auto San Andreas,purchase,1.0
36404933,Grand Theft Auto San Andreas,purchase,1.0
36404933,Grand Theft Auto San Andreas,play,0.7
36404933,Arma 2,purchase,1.0
36404933,Grand Theft Auto San Andreas,purchase,1.0
36404933,Grand Theft Auto Vice City,purchase,1.0
36404933,Grand Theft Auto Vice City,purchase,1.0
36404933,Grand Theft Auto III,purchase,1.0
36404933,Grand Theft Auto III,purchase,1.0
36404933,Sid Meier's Civilization IV,purchase,1.0
36404933,Sid Meier's Civilization IV,purchase,1.0
36404933,Sid Meier's Civilization IV Beyond the Sword,purchase,1.0
36404933,Sid Meier's Civilization IV Beyond the Sword,purchase,1.0
36404933,Sid Meier's Civilization IV Colonization,purchase,1.0
36404933,Sid Meier's Civilization IV Colonization,purchase,1.0
36404933,Sid Meier's Civilization IV Warlords,purchase,1.0
36404933,Sid Meier's Civilization IV Warlords,purchase,1.0
165073598,Sid Meier's Civilization IV Beyond the Sword,purchase,1.0
165073598,Sid Meier's Civilization IV Beyond the Sword,play,112.0
165073598,Grand Theft Auto San Andreas,purchase,1.0
165073598,Grand Theft Auto San Andreas,play,21.0
165073598,Sid Meier's Civilization IV Colonization,purchase,1.0
165073598,Sid Meier's Civilization IV Colonization,play,11.8
165073598,Sid Meier's Civilization IV Warlords,purchase,1.0
165073598,Sid Meier's Civilization IV,purchase,1.0
165073598,Grand Theft Auto III,purchase,1.0
165073598,Grand Theft Auto San Andreas,purchase,1.0
165073598,Grand Theft Auto Vice City,purchase,1.0
165073598,Grand Theft Auto Vice City,purchase,1.0
165073598,Grand Theft Auto III,purchase,1.0
165073598,Sid Meier's Civilization IV,purchase,1.0
165073598,Sid Meier's Civilization IV Beyond the Sword,purchase,1.0
165073598,Sid Meier's Civilization IV Colonization,purchase,1.0
165073598,Sid Meier's Civilization IV Warlords,purchase,1.0
53097340,Grand Theft Auto San Andreas,purchase,1.0
53097340,Grand Theft Auto San Andreas,play,1.6
53097340,Arma 2,purchase,1.0
53097340,Arma 2,play,0.5
53097340,Grand Theft Auto San Andreas,purchase,1.0
53097340,Sid Meier's Civilization IV,purchase,1.0
53097340,Sid Meier's Civilization IV,purchase,1.0
53097340,Sid Meier's Civilization IV Beyond the Sword,purchase,1.0
53097340,Sid Meier's Civilization IV Beyond the Sword,purchase,1.0
53097340,Sid Meier's Civilization IV Colonization,purchase,1.0
53097340,Sid Meier's Civilization IV Colonization,purchase,1.0
53097340,Sid Meier's Civilization IV Warlords,purchase,1.0
53097340,Sid Meier's Civilization IV Warlords,purchase,1.0
20772968,Grand Theft Auto San Andreas,purchase,1.0
20772968,Grand Theft Auto San Andreas,play,34.0
20772968,Grand Theft Auto San Andreas,purchase,1.0
20772968,Grand Theft Auto Vice City,purchase,1.0
20772968,Grand Theft Auto Vice City,purchase,1.0
20772968,Grand Theft Auto III,purchase,1.0
20772968,Grand Theft Auto III,purchase,1.0
39146470,Sid Meier's Civilization IV,purchase,1.0
39146470,Sid Meier's Civilization IV,purchase,1.0
39146470,Sid Meier's Civilization IV Beyond the Sword,purchase,1.0
39146470,Sid Meier's Civilization IV Beyond the Sword,purchase,1.0
39146470,Sid Meier's Civilization IV Colonization,purchase,1.0
39146470,Sid Meier's Civilization IV Colonization,purchase,1.0
39146470,Sid Meier's Civilization IV Warlords,purchase,1.0
39146470,Sid Meier's Civilization IV Warlords,purchase,1.0
48666962,Crysis 2,purchase,1.0
48666962,Crysis 2,play,2.0
48666962,Crysis 2,purchase,1.0
112845094,Grand Theft Auto San Andreas,purchase,1.0
112845094,Grand Theft Auto San Andreas,play,0.2
112845094,Grand Theft Auto III,purchase,1.0
112845094,Arma 2,purchase,1.0
112845094,Grand Theft Auto San Andreas,purchase,1.0
112845094,Grand Theft Auto Vice City,purchase,1.0
112845094,Grand Theft Auto Vice City,purchase,1.0
112845094,Grand Theft Auto III,purchase,1.0
